"ISO3","country","region","sub.region","intermediate.region","region.code","sub.region.code","intermediate.region.code","who.region","who.region.mortality","continent","REGION","GEO3major","GEO3","GLOCAF","Stern","SRESmajor","SRES","GBD"
"AFG","Afghanistan","Asia","Southern Asia",NA,142,34,NA,"EMR","EMR.D","Eurasia","Asia","Asia and the Pacific","South Asia","Rest of South Asia","Central Asia","ASIA","South Asia (SAS)","Asia, South"
"ALA","Aland Islands","Europe","Northern Europe",NA,150,154,NA,NA,NA,"Eurasia","Europe","Europe","Western Europe","Europe","Europe","OECD90","Western Europe (WEU)","Europe, Western"
"ALB","Albania","Europe","Southern Europe",NA,150,39,NA,"EUR","EUR.B","Eurasia","Europe","Europe","Central Europe","Europe","Europe","REF","Central and Eastern Europe (EEU)","Europe, Central"
"DZA","Algeria","Africa","Northern Africa",NA,2,15,NA,"AFR","AFR.D","Africa","Africa","Africa","North Africa","North Africa","North Africa","ALM","Middle East and North Africa (MEA)","North Africa/Middle East"
"ASM","American Samoa","Oceania","Polynesia",NA,9,61,NA,NA,NA,"Australia","Australia","Asia and the Pacific","South Pacific","Oceania","Australasia","ASIA","Other Pacific Asia (PAS)","Oceania"
"AND","Andorra","Europe","Southern Europe",NA,150,39,NA,"EUR","EUR.A","Eurasia","Europe","Europe","Western Europe","Europe","Europe","OECD90","Western Europe (WEU)","Europe, Western"
"AGO","Angola","Africa","Sub-Saharan Africa","Middle Africa",2,202,17,"AFR","AFR.D","Africa","Africa","Africa","Southern Africa","Sub-Sarahan Africa","South+E Africa","ALM","Sub-Saharan Africa (AFR)","Sub-Saharan Africa, Central"
"AIA","Anguilla","Americas","Latin America and the Caribbean","Caribbean",19,419,29,NA,NA,"South America","South America","Latin America and the Caribbean","Caribbean","Rest of Central Am","Caribbean","ALM","Latin America and the Caribbean (LAM)","Caribbean"
"ATA","Antarctica",NA,NA,NA,NA,NA,NA,NA,NA,"Antarctica","Antarctica","Polar","Antarctic",NA,NA,NA,NA,NA
"ATG","Antigua and Barbuda","Americas","Latin America and the Caribbean","Caribbean",19,419,29,"AMR","AMR.B","South America","South America","Latin America and the Caribbean","Caribbean","Rest of Central Am","Caribbean","ALM","Latin America and the Caribbean (LAM)","Caribbean"
"ARG","Argentina","Americas","Latin America and the Caribbean","South America",19,419,5,"AMR","AMR.B","South America","South America","Latin America and the Caribbean","South America","Rest of South Am","South America","ALM","Latin America and the Caribbean (LAM)","Latin America, Southern"
"ARM","Armenia","Asia","Western Asia",NA,142,145,NA,"EUR","EUR.B","Eurasia","Europe","Europe","Eastern Europe","FSU","Europe","REF","Newly Independent States of FSU (FSU)","Asia, Central"
"ABW","Aruba","Americas","Latin America and the Caribbean","Caribbean",19,419,29,NA,NA,"South America","South America","Latin America and the Caribbean","Caribbean","Rest of Central Am","Caribbean","ALM","Latin America and the Caribbean (LAM)","Caribbean"
"AUS","Australia","Oceania","Australia and New Zealand",NA,9,53,NA,"WPR","WPR.A","Australia","Australia","Asia and the Pacific","Australia and New Zealand","Oceania","Australasia","OECD90","Pacific OECD (PAO)","Australasia"
"AUT","Austria","Europe","Western Europe",NA,150,155,NA,"EUR","EUR.A","Eurasia","Europe","Europe","Western Europe","Europe","Europe","OECD90","Western Europe (WEU)","Europe, Western"
"AZE","Azerbaijan","Asia","Western Asia",NA,142,145,NA,"EUR","EUR.B","Eurasia","Europe","Europe","Eastern Europe","FSU","Europe","REF","Newly Independent States of FSU (FSU)","Asia, Central"
"BHS","Bahamas","Americas","Latin America and the Caribbean","Caribbean",19,419,29,"AMR","AMR.B","South America","South America","Latin America and the Caribbean","Caribbean","Rest of Central Am","Caribbean","ALM","Latin America and the Caribbean (LAM)","Caribbean"
"BHR","Bahrain","Asia","Western Asia",NA,142,145,NA,"EMR","EMR.B","Eurasia","Asia","West Asia","Arabian Peninsula","Middle East","West Asia","ALM","Middle East and North Africa (MEA)","North Africa/Middle East"
"BGD","Bangladesh","Asia","Southern Asia",NA,142,34,NA,"SEAR","SEAR.D","Eurasia","Asia","Asia and the Pacific","South Asia","Rest of South Asia","South Asia","ASIA","South Asia (SAS)","Asia, South"
"BRB","Barbados","Americas","Latin America and the Caribbean","Caribbean",19,419,29,"AMR","AMR.B","South America","South America","Latin America and the Caribbean","Caribbean","Rest of Central Am","Caribbean","ALM","Latin America and the Caribbean (LAM)","Caribbean"
"BLR","Belarus","Europe","Eastern Europe",NA,150,151,NA,"EUR","EUR.C","Eurasia","Europe","Europe","Eastern Europe","FSU","Europe","REF","Newly Independent States of FSU (FSU)","Europe, Eastern"
"BEL","Belgium","Europe","Western Europe",NA,150,155,NA,"EUR","EUR.A","Eurasia","Europe","Europe","Western Europe","Europe","Europe","OECD90","Western Europe (WEU)","Europe, Western"
"BLZ","Belize","Americas","Latin America and the Caribbean","Central America",19,419,13,"AMR","AMR.B","South America","South America","Latin America and the Caribbean","Meso-America","Rest of Central Am","Central America","ALM","Latin America and the Caribbean (LAM)","Caribbean"
"BEN","Benin","Africa","Sub-Saharan Africa","Western Africa",2,202,11,"AFR","AFR.D","Africa","Africa","Africa","Western Africa","Sub-Sarahan Africa","West Africa","ALM","Sub-Saharan Africa (AFR)","Sub-Saharan Africa, West"
"BMU","Bermuda","Americas","Northern America",NA,19,21,NA,NA,NA,"South America","South America","Latin America and the Caribbean","Caribbean","Rest of Central Am","Caribbean","ALM","Latin America and the Caribbean (LAM)","Caribbean"
"BTN","Bhutan","Asia","Southern Asia",NA,142,34,NA,"SEAR","SEAR.D","Eurasia","Asia","Asia and the Pacific","South Asia","Rest of South Asia","South Asia","ASIA","South Asia (SAS)","Asia, South"
"BOL","Bolivia (Plurinational State of)","Americas","Latin America and the Caribbean","South America",19,419,5,"AMR","AMR.D","South America","South America","Latin America and the Caribbean","South America","Rest of South Am","South America","ALM","Latin America and the Caribbean (LAM)","Latin America, Andean"
"BES","Bonaire, Sint Eustatius and Saba","Americas","Latin America and the Caribbean","Caribbean",19,419,29,NA,NA,NA,NA,NA,NA,NA,NA,NA,NA,NA
"BIH","Bosnia and Herzegovina","Europe","Southern Europe",NA,150,39,NA,"EUR","EUR.B","Eurasia","Europe","Europe","Central Europe","Europe","Europe","REF","Central and Eastern Europe (EEU)","Europe, Central"
"BWA","Botswana","Africa","Sub-Saharan Africa","Southern Africa",2,202,18,"AFR","AFR.E","Africa","Africa","Africa","Southern Africa","Sub-Sarahan Africa","South+E Africa","ALM","Sub-Saharan Africa (AFR)","Sub-Saharan Africa, Southern"
"BVT","Bouvet Island","Americas","Latin America and the Caribbean","South America",19,419,5,NA,NA,NA,NA,NA,NA,NA,NA,NA,NA,NA
"BRA","Brazil","Americas","Latin America and the Caribbean","South America",19,419,5,"AMR","AMR.B","South America","South America","Latin America and the Caribbean","South America","Brazil","South America","ALM","Latin America and the Caribbean (LAM)","Latin America, Tropical"
"IOT","British Indian Ocean Territory","Africa","Sub-Saharan Africa","Eastern Africa",2,202,14,NA,NA,"Eurasia","Europe","Europe","Western Europe","Europe","Europe","OECD90","Western Europe (WEU)","Europe, Western"
"BRN","Brunei Darussalam","Asia","South-eastern Asia",NA,142,35,NA,"WPR","WPR.A","Eurasia","Asia","Asia and the Pacific","Southeast Asia","South East Asia","East Asia","ASIA","Other Pacific Asia (PAS)","Asia Pacific, High Income"
"BGR","Bulgaria","Europe","Eastern Europe",NA,150,151,NA,"EUR","EUR.B","Eurasia","Europe","Europe","Central Europe","Europe","Europe","REF","Central and Eastern Europe (EEU)","Europe, Central"
"BFA","Burkina Faso","Africa","Sub-Saharan Africa","Western Africa",2,202,11,"AFR","AFR.D","Africa","Africa","Africa","Western Africa","Sub-Sarahan Africa","West Africa","ALM","Sub-Saharan Africa (AFR)","Sub-Saharan Africa, West"
"BDI","Burundi","Africa","Sub-Saharan Africa","Eastern Africa",2,202,14,"AFR","AFR.E","Africa","Africa","Africa","Eastern Africa","Sub-Sarahan Africa","South+E Africa","ALM","Sub-Saharan Africa (AFR)","Sub-Saharan Africa, East"
"CPV","Cabo Verde","Africa","Sub-Saharan Africa","Western Africa",2,202,11,"AFR","AFR.D","Africa","Africa","Africa","Central Africa","Sub-Sarahan Africa","West Africa","ALM","Sub-Saharan Africa (AFR)","Sub-Saharan Africa, West"
"KHM","Cambodia","Asia","South-eastern Asia",NA,142,35,NA,"WPR","WPR.B","Eurasia","Asia","Asia and the Pacific","Southeast Asia","South East Asia","East Asia","ASIA","Centrally planned Asia and China (CPA)","Asia, Southeast"
"CMR","Cameroon","Africa","Sub-Saharan Africa","Middle Africa",2,202,17,"AFR","AFR.D","Africa","Africa","Africa","Central Africa","Sub-Sarahan Africa","West Africa","ALM","Sub-Saharan Africa (AFR)","Sub-Saharan Africa, West"
"CAN","Canada","Americas","Northern America",NA,19,21,NA,"AMR","AMR.A","North America","North America","North America","Canada","Canada","North America","OECD90","North America (NAM)","North America, High Income"
"CYM","Cayman Islands","Americas","Latin America and the Caribbean","Caribbean",19,419,29,NA,NA,"South America","South America","Latin America and the Caribbean","Caribbean","Rest of Central Am","Caribbean","ALM","Latin America and the Caribbean (LAM)","Caribbean"
"CAF","Central African Republic","Africa","Sub-Saharan Africa","Middle Africa",2,202,17,"AFR","AFR.E","Africa","Africa","Africa","Central Africa","Sub-Sarahan Africa","West Africa","ALM","Sub-Saharan Africa (AFR)","Sub-Saharan Africa, Central"
"TCD","Chad","Africa","Sub-Saharan Africa","Middle Africa",2,202,17,"AFR","AFR.D","Africa","Africa","Africa","Central Africa","Sub-Sarahan Africa","West Africa","ALM","Sub-Saharan Africa (AFR)","Sub-Saharan Africa, West"
"CHL","Chile","Americas","Latin America and the Caribbean","South America",19,419,5,"AMR","AMR.B","South America","South America","Latin America and the Caribbean","South America","Rest of South Am","South America","ALM","Latin America and the Caribbean (LAM)","Latin America, Southern"
"CHN","China","Asia","Eastern Asia",NA,142,30,NA,"WPR","WPR.B","Eurasia","Asia","Asia and the Pacific","NW Pacific and East Asia","China","East Asia","ASIA","Centrally planned Asia and China (CPA)","Asia, East"
"CXR","Christmas Island","Oceania","Australia and New Zealand",NA,9,53,NA,NA,NA,NA,NA,NA,NA,NA,NA,NA,NA,NA
"CCK","Cocos (Keeling) Islands","Oceania","Australia and New Zealand",NA,9,53,NA,NA,NA,NA,NA,NA,NA,NA,NA,NA,NA,NA
"COL","Colombia","Americas","Latin America and the Caribbean","South America",19,419,5,"AMR","AMR.B","South America","South America","Latin America and the Caribbean","South America","Rest of South Am","South America","ALM","Latin America and the Caribbean (LAM)","Latin America, Central"
"COM","Comoros","Africa","Sub-Saharan Africa","Eastern Africa",2,202,14,"AFR","AFR.E","Africa","Africa","Africa","Western Indian Ocean","Sub-Sarahan Africa","South+E Africa","ALM","Sub-Saharan Africa (AFR)","Sub-Saharan Africa, East"
"COG","Congo","Africa","Sub-Saharan Africa","Middle Africa",2,202,17,"AFR","AFR.E","Africa","Africa","Africa","Central Africa","Sub-Sarahan Africa","West Africa","ALM","Sub-Saharan Africa (AFR)","Sub-Saharan Africa, Central"
"COD","Congo (Democratic Republic of the)","Africa","Sub-Saharan Africa","Middle Africa",2,202,17,"AFR","AFR.E","Africa","Africa","Africa","Central Africa","Sub-Sarahan Africa","West Africa","ALM","Sub-Saharan Africa (AFR)","Sub-Saharan Africa, Central"
"COK","Cook Islands","Oceania","Polynesia",NA,9,61,NA,"WPR","WPR.B","Australia","Australia","Asia and the Pacific","South Pacific","Oceania","Australasia","ASIA","Other Pacific Asia (PAS)","Oceania"
"CRI","Costa Rica","Americas","Latin America and the Caribbean","Central America",19,419,13,"AMR","AMR.B","South America","South America","Latin America and the Caribbean","Meso-America","Rest of Central Am","Central America","ALM","Latin America and the Caribbean (LAM)","Latin America, Central"
"CIV","Cote d'Ivoire","Africa","Sub-Saharan Africa","Western Africa",2,202,11,"AFR","AFR.E","Africa","Africa","Africa","Western Africa","Sub-Sarahan Africa","West Africa","ALM","Sub-Saharan Africa (AFR)","Sub-Saharan Africa, West"
"HRV","Croatia","Europe","Southern Europe",NA,150,39,NA,"EUR","EUR.A","Eurasia","Europe","Europe","Central Europe","Europe","Europe","REF","Central and Eastern Europe (EEU)","Europe, Central"
"CUB","Cuba","Americas","Latin America and the Caribbean","Caribbean",19,419,29,"AMR","AMR.A","South America","South America","Latin America and the Caribbean","Caribbean","Rest of Central Am","Caribbean","ALM","Latin America and the Caribbean (LAM)","Caribbean"
"CUW","Curacao","Americas","Latin America and the Caribbean","Caribbean",19,419,29,NA,NA,"South America","South America","Latin America and the Caribbean","Caribbean","Rest of Central Am","Caribbean","ALM","Latin America and the Caribbean (LAM)","Caribbean"
"CYP","Cyprus","Asia","Western Asia",NA,142,145,NA,"EMR","EMR.B","Eurasia","Europe","Europe","Central Europe","Europe","Europe","OECD90","Western Europe (WEU)","Europe, Western"
"CZE","Czechia","Europe","Eastern Europe",NA,150,151,NA,"EUR","EUR.A","Eurasia","Europe","Europe","Central Europe","Europe","Europe","REF","Central and Eastern Europe (EEU)","Europe, Central"
"DNK","Denmark","Europe","Northern Europe",NA,150,154,NA,"EUR","EUR.A","Eurasia","Europe","Europe","Western Europe","Europe","Europe","OECD90","Western Europe (WEU)","Europe, Western"
"DJI","Djibouti","Africa","Sub-Saharan Africa","Eastern Africa",2,202,14,"EMR","EMR.D","Africa","Africa","Africa","Eastern Africa","Sub-Sarahan Africa","South+E Africa","ALM","Sub-Saharan Africa (AFR)","Sub-Saharan Africa, East"
"DMA","Dominica","Americas","Latin America and the Caribbean","Caribbean",19,419,29,"AMR","AMR.B","South America","South America","Latin America and the Caribbean","Caribbean","Rest of Central Am","Caribbean","ALM","Latin America and the Caribbean (LAM)","Caribbean"
"DOM","Dominican Republic","Americas","Latin America and the Caribbean","Caribbean",19,419,29,"AMR","AMR.B","South America","South America","Latin America and the Caribbean","Caribbean","Rest of Central Am","Caribbean","ALM","Latin America and the Caribbean (LAM)","Caribbean"
"ECU","Ecuador","Americas","Latin America and the Caribbean","South America",19,419,5,"AMR","AMR.D","South America","South America","Latin America and the Caribbean","South America","Rest of South Am","South America","ALM","Latin America and the Caribbean (LAM)","Latin America, Andean"
"EGY","Egypt","Africa","Northern Africa",NA,2,15,NA,"EMR","EMR.D","Africa","Africa","Africa","North Africa","North Africa","North Africa","ALM","Middle East and North Africa (MEA)","North Africa/Middle East"
"SLV","El Salvador","Americas","Latin America and the Caribbean","Central America",19,419,13,"AMR","AMR.B","South America","South America","Latin America and the Caribbean","Meso-America","Rest of Central Am","Central America","ALM","Latin America and the Caribbean (LAM)","Latin America, Central"
"GNQ","Equatorial Guinea","Africa","Sub-Saharan Africa","Middle Africa",2,202,17,"AFR","AFR.D","Africa","Africa","Africa","Central Africa","Sub-Sarahan Africa","West Africa","ALM","Sub-Saharan Africa (AFR)","Sub-Saharan Africa, Central"
"ERI","Eritrea","Africa","Sub-Saharan Africa","Eastern Africa",2,202,14,"AFR","AFR.E","Africa","Africa","Africa","Eastern Africa","Sub-Sarahan Africa","South+E Africa","ALM","Sub-Saharan Africa (AFR)","Sub-Saharan Africa, East"
"EST","Estonia","Europe","Northern Europe",NA,150,154,NA,"EUR","EUR.C","Eurasia","Europe","Europe","Central Europe","Europe","Europe","REF","Newly Independent States of FSU (FSU)","Europe, Eastern"
"SWZ","Eswatini","Africa","Sub-Saharan Africa","Southern Africa",2,202,18,"AFR","AFR.E","Africa","Africa","Africa","Southern Africa","Sub-Sarahan Africa","South+E Africa","ALM","Sub-Saharan Africa (AFR)","Sub-Saharan Africa, Southern"
"ETH","Ethiopia","Africa","Sub-Saharan Africa","Eastern Africa",2,202,14,"AFR","AFR.E","Africa","Africa","Africa","Eastern Africa","Sub-Sarahan Africa","South+E Africa","ALM","Sub-Saharan Africa (AFR)","Sub-Saharan Africa, East"
"FLK","Falkland Islands (Malvinas)","Americas","Latin America and the Caribbean","South America",19,419,5,NA,NA,"South America","South America","Latin America and the Caribbean","South America","Rest of South Am","South America","ALM","Latin America and the Caribbean (LAM)","Latin America, Southern"
"FRO","Faroe Islands","Europe","Northern Europe",NA,150,154,NA,NA,NA,"Eurasia","Europe","Europe","Western Europe","Europe","Europe","OECD90","Western Europe (WEU)","Europe, Western"
"FJI","Fiji","Oceania","Melanesia",NA,9,54,NA,"WPR","WPR.B","Australia","Australia","Asia and the Pacific","South Pacific","Oceania","Australasia","ASIA","Other Pacific Asia (PAS)","Oceania"
"FIN","Finland","Europe","Northern Europe",NA,150,154,NA,"EUR","EUR.A","Eurasia","Europe","Europe","Western Europe","Europe","Europe","OECD90","Western Europe (WEU)","Europe, Western"
"FRA","France","Europe","Western Europe",NA,150,155,NA,"EUR","EUR.A","Eurasia","Europe","Europe","Western Europe","Europe","Europe","OECD90","Western Europe (WEU)","Europe, Western"
"GUF","French Guiana","Americas","Latin America and the Caribbean","South America",19,419,5,NA,NA,"South America","South America","Latin America and the Caribbean","South America","Rest of South Am","South America","ALM","Latin America and the Caribbean (LAM)","Caribbean"
"PYF","French Polynesia","Oceania","Polynesia",NA,9,61,NA,NA,NA,"Australia","Australia","Asia and the Pacific","South Pacific","Oceania","Australasia","ASIA","Other Pacific Asia (PAS)","Oceania"
"ATF","French Southern Territories","Africa","Sub-Saharan Africa","Eastern Africa",2,202,14,NA,NA,NA,NA,NA,NA,NA,NA,NA,NA,NA
"GAB","Gabon","Africa","Sub-Saharan Africa","Middle Africa",2,202,17,"AFR","AFR.D","Africa","Africa","Africa","Central Africa","Sub-Sarahan Africa","West Africa","ALM","Sub-Saharan Africa (AFR)","Sub-Saharan Africa, Central"
"GMB","Gambia","Africa","Sub-Saharan Africa","Western Africa",2,202,11,"AFR","AFR.D","Africa","Africa","Africa","Western Africa","Sub-Sarahan Africa","West Africa","ALM","Sub-Saharan Africa (AFR)","Sub-Saharan Africa, West"
"GEO","Georgia","Asia","Western Asia",NA,142,145,NA,"EUR","EUR.B","Eurasia","Europe","Europe","Eastern Europe","FSU","Europe","REF","Newly Independent States of FSU (FSU)","Asia, Central"
"DEU","Germany","Europe","Western Europe",NA,150,155,NA,"EUR","EUR.A","Eurasia","Europe","Europe","Western Europe","Europe","Europe","OECD90","Western Europe (WEU)","Europe, Western"
"GHA","Ghana","Africa","Sub-Saharan Africa","Western Africa",2,202,11,"AFR","AFR.D","Africa","Africa","Africa","Western Africa","Sub-Sarahan Africa","West Africa","ALM","Sub-Saharan Africa (AFR)","Sub-Saharan Africa, West"
"GIB","Gibraltar","Europe","Southern Europe",NA,150,39,NA,NA,NA,"Eurasia","Europe","Europe","Western Europe","Europe","Europe","OECD90","Western Europe (WEU)","Europe, Western"
"GRC","Greece","Europe","Southern Europe",NA,150,39,NA,"EUR","EUR.A","Eurasia","Europe","Europe","Western Europe","Europe","Europe","OECD90","Western Europe (WEU)","Europe, Western"
"GRL","Greenland","Americas","Northern America",NA,19,21,NA,NA,NA,"Eurasia","Europe","Europe","Polar","Europe","Europe","OECD90","Western Europe (WEU)","Europe, Western"
"GRD","Grenada","Americas","Latin America and the Caribbean","Caribbean",19,419,29,"AMR","AMR.B","South America","South America","Latin America and the Caribbean","Caribbean","Rest of Central Am","Caribbean","ALM","Latin America and the Caribbean (LAM)","Caribbean"
"GLP","Guadeloupe","Americas","Latin America and the Caribbean","Caribbean",19,419,29,NA,NA,NA,NA,NA,NA,NA,NA,NA,NA,NA
"GUM","Guam","Oceania","Micronesia",NA,9,57,NA,NA,NA,"Australia","Australia","Asia and the Pacific","South Pacific","Oceania","Australasia","ASIA","Other Pacific Asia (PAS)","Oceania"
"GTM","Guatemala","Americas","Latin America and the Caribbean","Central America",19,419,13,"AMR","AMR.D","South America","South America","Latin America and the Caribbean","Meso-America","Rest of Central Am","Central America","ALM","Latin America and the Caribbean (LAM)","Latin America, Central"
"GGY","Guernsey","Europe","Northern Europe","Channel Islands",150,154,830,NA,NA,"Eurasia","Europe","Europe","Western Europe","Europe","Europe","OECD90","Western Europe (WEU)","Europe, Western"
"GIN","Guinea","Africa","Sub-Saharan Africa","Western Africa",2,202,11,"AFR","AFR.D","Africa","Africa","Africa","Western Africa","Sub-Sarahan Africa","West Africa","ALM","Sub-Saharan Africa (AFR)","Sub-Saharan Africa, West"
"GNB","Guinea-Bissau","Africa","Sub-Saharan Africa","Western Africa",2,202,11,"AFR","AFR.D","Africa","Africa","Africa","Western Africa","Sub-Sarahan Africa","West Africa","ALM","Sub-Saharan Africa (AFR)","Sub-Saharan Africa, West"
"GUY","Guyana","Americas","Latin America and the Caribbean","South America",19,419,5,"AMR","AMR.B","South America","South America","Latin America and the Caribbean","South America","Rest of South Am","South America","ALM","Latin America and the Caribbean (LAM)","Caribbean"
"HTI","Haiti","Americas","Latin America and the Caribbean","Caribbean",19,419,29,"AMR","AMR.D","South America","South America","Latin America and the Caribbean","Caribbean","Rest of Central Am","Caribbean","ALM","Latin America and the Caribbean (LAM)","Caribbean"
"HMD","Heard Island and McDonald Islands","Oceania","Australia and New Zealand",NA,9,53,NA,NA,NA,NA,NA,NA,NA,NA,NA,NA,NA,NA
"VAT","Holy See","Europe","Southern Europe",NA,150,39,NA,NA,NA,"Eurasia","Europe","Europe","Western Europe","Europe","Europe","OECD90","Western Europe (WEU)","Europe, Western"
"HND","Honduras","Americas","Latin America and the Caribbean","Central America",19,419,13,"AMR","AMR.B","South America","South America","Latin America and the Caribbean","Meso-America","Rest of Central Am","Central America","ALM","Latin America and the Caribbean (LAM)","Latin America, Central"
"HKG","Hong Kong","Asia","Eastern Asia",NA,142,30,NA,NA,NA,"Eurasia","Asia","Asia and the Pacific","NW Pacific and East Asia","China","East Asia","ASIA","Other Pacific Asia (PAS)","Asia Pacific, High Income"
"HUN","Hungary","Europe","Eastern Europe",NA,150,151,NA,"EUR","EUR.C","Eurasia","Europe","Europe","Central Europe","Europe","Europe","REF","Central and Eastern Europe (EEU)","Europe, Central"
"ISL","Iceland","Europe","Northern Europe",NA,150,154,NA,"EUR","EUR.A","Eurasia","Europe","Europe","Western Europe","Europe","Europe","OECD90","Western Europe (WEU)","Europe, Western"
"IND","India","Asia","Southern Asia",NA,142,34,NA,"SEAR","SEAR.D","Eurasia","Asia","Asia and the Pacific","South Asia","India","South Asia","ASIA","South Asia (SAS)","Asia, South"
"IDN","Indonesia","Asia","South-eastern Asia",NA,142,35,NA,"SEAR","SEAR.B","Eurasia","Asia","Asia and the Pacific","Southeast Asia","South East Asia","East Asia","ASIA","Other Pacific Asia (PAS)","Asia, Southeast"
"IRN","Iran (Islamic Republic of)","Asia","Southern Asia",NA,142,34,NA,"EMR","EMR.B","Eurasia","Asia","Asia and the Pacific","South Asia","Middle East","West Asia","ALM","Middle East and North Africa (MEA)","North Africa/Middle East"
"IRQ","Iraq","Asia","Western Asia",NA,142,145,NA,"EMR","EMR.D","Eurasia","Asia","West Asia","Mashriq","Middle East","West Asia","ALM","Middle East and North Africa (MEA)","North Africa/Middle East"
"IRL","Ireland","Europe","Northern Europe",NA,150,154,NA,"EUR","EUR.A","Eurasia","Europe","Europe","Western Europe","Europe","Europe","OECD90","Western Europe (WEU)","Europe, Western"
"IMN","Isle of Man","Europe","Northern Europe",NA,150,154,NA,NA,NA,"Eurasia","Europe","Europe","Western Europe","Europe","Europe","OECD90","Western Europe (WEU)","Europe, Western"
"ISR","Israel","Asia","Western Asia",NA,142,145,NA,"EUR","EUR.A","Eurasia","Europe","Europe","Western Europe","Europe","Europe","ALM","Middle East and North Africa (MEA)","Europe, Western"
"ITA","Italy","Europe","Southern Europe",NA,150,39,NA,"EUR","EUR.A","Eurasia","Europe","Europe","Western Europe","Europe","Europe","OECD90","Western Europe (WEU)","Europe, Western"
"JAM","Jamaica","Americas","Latin America and the Caribbean","Caribbean",19,419,29,"AMR","AMR.B","South America","South America","Latin America and the Caribbean","Caribbean","Rest of Central Am","Caribbean","ALM","Latin America and the Caribbean (LAM)","Caribbean"
"JPN","Japan","Asia","Eastern Asia",NA,142,30,NA,"WPR","WPR.A","Eurasia","Asia","Asia and the Pacific","NW Pacific and East Asia","Japan","East Asia","OECD90","Pacific OECD (PAO)","Asia Pacific, High Income"
"JEY","Jersey","Europe","Northern Europe","Channel Islands",150,154,830,NA,NA,"Eurasia","Europe","Europe","Western Europe","Europe","Europe","OECD90","Western Europe (WEU)","Europe, Western"
"JOR","Jordan","Asia","Western Asia",NA,142,145,NA,"EMR","EMR.B","Eurasia","Asia","West Asia","Mashriq","Middle East","West Asia","ALM","Middle East and North Africa (MEA)","North Africa/Middle East"
"KAZ","Kazakhstan","Asia","Central Asia",NA,142,143,NA,"EUR","EUR.C","Eurasia","Asia","Asia and the Pacific","Central Asia","FSU","Central Asia","REF","Newly Independent States of FSU (FSU)","Asia, Central"
"KEN","Kenya","Africa","Sub-Saharan Africa","Eastern Africa",2,202,14,"AFR","AFR.E","Africa","Africa","Africa","Eastern Africa","Sub-Sarahan Africa","South+E Africa","ALM","Sub-Saharan Africa (AFR)","Sub-Saharan Africa, East"
"KIR","Kiribati","Oceania","Micronesia",NA,9,57,NA,"WPR","WPR.B","Australia","Australia","Asia and the Pacific","South Pacific","Oceania","Australasia","ASIA","Other Pacific Asia (PAS)","Oceania"
"PRK","Korea (Democratic People's Republic of)","Asia","Eastern Asia",NA,142,30,NA,"SEAR","SEAR.D","Eurasia","Asia","Asia and the Pacific","NW Pacific and East Asia","China","East Asia","ASIA","Centrally planned Asia and China (CPA)","Asia, East"
"KOR","Korea (Republic of)","Asia","Eastern Asia",NA,142,30,NA,"WPR","WPR.B","Eurasia","Asia","Asia and the Pacific","NW Pacific and East Asia","China","East Asia","ASIA","Other Pacific Asia (PAS)","Asia Pacific, High Income"
"KWT","Kuwait","Asia","Western Asia",NA,142,145,NA,"EMR","EMR.B","Eurasia","Asia","West Asia","Mashriq","Middle East","West Asia","ALM","Middle East and North Africa (MEA)","North Africa/Middle East"
"KGZ","Kyrgyzstan","Asia","Central Asia",NA,142,143,NA,"EUR","EUR.B","Eurasia","Asia","Asia and the Pacific","Central Asia","FSU","Central Asia","REF","Newly Independent States of FSU (FSU)","Asia, Central"
"LAO","Lao People's Democratic Republic","Asia","South-eastern Asia",NA,142,35,NA,"WPR","WPR.B","Eurasia","Asia","Asia and the Pacific","Southeast Asia","South East Asia","East Asia","ASIA","Centrally planned Asia and China (CPA)","Asia, Southeast"
"LVA","Latvia","Europe","Northern Europe",NA,150,154,NA,"EUR","EUR.C","Eurasia","Europe","Europe","Central Europe","Europe","Europe","REF","Newly Independent States of FSU (FSU)","Europe, Eastern"
"LBN","Lebanon","Asia","Western Asia",NA,142,145,NA,"EMR","EMR.B","Eurasia","Asia","West Asia","Mashriq","Middle East","West Asia","ALM","Middle East and North Africa (MEA)","North Africa/Middle East"
"LSO","Lesotho","Africa","Sub-Saharan Africa","Southern Africa",2,202,18,"AFR","AFR.E","Africa","Africa","Africa","Southern Africa","Sub-Sarahan Africa","South+E Africa","ALM","Sub-Saharan Africa (AFR)","Sub-Saharan Africa, Southern"
"LBR","Liberia","Africa","Sub-Saharan Africa","Western Africa",2,202,11,"AFR","AFR.D","Africa","Africa","Africa","Western Africa","Sub-Sarahan Africa","West Africa","ALM","Sub-Saharan Africa (AFR)","Sub-Saharan Africa, West"
"LBY","Libya","Africa","Northern Africa",NA,2,15,NA,"EMR","EMR.B","Africa","Africa","Africa","North Africa","North Africa","North Africa","ALM","Middle East and North Africa (MEA)","North Africa/Middle East"
"LIE","Liechtenstein","Europe","Western Europe",NA,150,155,NA,NA,NA,"Eurasia","Europe","Europe","Western Europe","Europe","Europe","OECD90","Western Europe (WEU)","Europe, Western"
"LTU","Lithuania","Europe","Northern Europe",NA,150,154,NA,"EUR","EUR.C","Eurasia","Europe","Europe","Central Europe","Europe","Europe","REF","Newly Independent States of FSU (FSU)","Europe, Eastern"
"LUX","Luxembourg","Europe","Western Europe",NA,150,155,NA,"EUR","EUR.A","Eurasia","Europe","Europe","Western Europe","Europe","Europe","OECD90","Western Europe (WEU)","Europe, Western"
"MAC","Macao","Asia","Eastern Asia",NA,142,30,NA,NA,NA,"Eurasia","Asia","Asia and the Pacific","NW Pacific and East Asia","China","East Asia","ASIA","Centrally planned Asia and China (CPA)","Asia, East"
"MKD","Macedonia (the former Yugoslav Republic of)","Europe","Southern Europe",NA,150,39,NA,"EUR","EUR.B","Eurasia","Europe","Europe","Central Europe","Europe","Europe","REF","Central and Eastern Europe (EEU)","Europe, Central"
"MDG","Madagascar","Africa","Sub-Saharan Africa","Eastern Africa",2,202,14,"AFR","AFR.D","Africa","Africa","Africa","Western Indian Ocean","Sub-Sarahan Africa","South+E Africa","ALM","Sub-Saharan Africa (AFR)","Sub-Saharan Africa, East"
"MWI","Malawi","Africa","Sub-Saharan Africa","Eastern Africa",2,202,14,"AFR","AFR.E","Africa","Africa","Africa","Southern Africa","Sub-Sarahan Africa","South+E Africa","ALM","Sub-Saharan Africa (AFR)","Sub-Saharan Africa, East"
"MYS","Malaysia","Asia","South-eastern Asia",NA,142,35,NA,"WPR","WPR.B","Eurasia","Asia","Asia and the Pacific","Southeast Asia","South East Asia","East Asia","ASIA","Other Pacific Asia (PAS)","Asia, Southeast"
"MDV","Maldives","Asia","Southern Asia",NA,142,34,NA,"SEAR","SEAR.D","Eurasia","Asia","Asia and the Pacific","South Asia","Rest of South Asia","South Asia","ASIA","South Asia (SAS)","Asia, Southeast"
"MLI","Mali","Africa","Sub-Saharan Africa","Western Africa",2,202,11,"AFR","AFR.D","Africa","Africa","Africa","Western Africa","Sub-Sarahan Africa","West Africa","ALM","Sub-Saharan Africa (AFR)","Sub-Saharan Africa, West"
"MLT","Malta","Europe","Southern Europe",NA,150,39,NA,"EUR","EUR.A","Eurasia","Europe","Europe","Western Europe","Europe","Europe","OECD90","Western Europe (WEU)","Europe, Western"
"MHL","Marshall Islands","Oceania","Micronesia",NA,9,57,NA,"WPR","WPR.B","Australia","Australia","Asia and the Pacific","South Pacific","Oceania","Australasia","ASIA","Other Pacific Asia (PAS)","Oceania"
"MTQ","Martinique","Americas","Latin America and the Caribbean","Caribbean",19,419,29,NA,NA,NA,NA,NA,NA,NA,NA,NA,NA,NA
"MRT","Mauritania","Africa","Sub-Saharan Africa","Western Africa",2,202,11,"AFR","AFR.D","Africa","Africa","Africa","Western Africa","Sub-Sarahan Africa","West Africa","ALM","Sub-Saharan Africa (AFR)","Sub-Saharan Africa, West"
"MUS","Mauritius","Africa","Sub-Saharan Africa","Eastern Africa",2,202,14,"AFR","AFR.D","Africa","Africa","Africa","Western Indian Ocean","Sub-Sarahan Africa","South+E Africa","ALM","Sub-Saharan Africa (AFR)","Asia, Southeast"
"MYT","Mayotte","Africa","Sub-Saharan Africa","Eastern Africa",2,202,14,NA,NA,NA,NA,NA,NA,NA,NA,NA,NA,NA
"MEX","Mexico","Americas","Latin America and the Caribbean","Central America",19,419,13,"AMR","AMR.B","South America","South America","Latin America and the Caribbean","Meso-America","Mexico","Central America","ALM","Latin America and the Caribbean (LAM)","Latin America, Central"
"FSM","Micronesia (Federated States of)","Oceania","Micronesia",NA,9,57,NA,"WPR","WPR.B","Australia","Australia","Asia and the Pacific","South Pacific","Oceania","Australasia","ASIA","Other Pacific Asia (PAS)","Oceania"
"MDA","Moldova (Republic of)","Europe","Eastern Europe",NA,150,151,NA,"EUR","EUR.C","Eurasia","Europe","Europe","Eastern Europe","FSU","Europe","REF","Newly Independent States of FSU (FSU)","Europe, Eastern"
"MCO","Monaco","Europe","Western Europe",NA,150,155,NA,"EUR","EUR.A","Eurasia","Europe","Europe","Western Europe","Europe","Europe","OECD90","Western Europe (WEU)","Europe, Western"
"MNG","Mongolia","Asia","Eastern Asia",NA,142,30,NA,"WPR","WPR.B","Eurasia","Asia","Asia and the Pacific","NW Pacific and East Asia","China","East Asia","ASIA","Centrally planned Asia and China (CPA)","Asia, Central"
"MNE","Montenegro","Europe","Southern Europe",NA,150,39,NA,NA,NA,"Eurasia","Europe","Europe","Central Europe","Europe","Europe","REF","Central and Eastern Europe (EEU)","Europe, Central"
"MSR","Montserrat","Americas","Latin America and the Caribbean","Caribbean",19,419,29,NA,NA,"South America","South America","Latin America and the Caribbean","Caribbean","Rest of Central Am","Caribbean","ALM","Latin America and the Caribbean (LAM)","Caribbean"
"MAR","Morocco","Africa","Northern Africa",NA,2,15,NA,"EMR","EMR.D","Africa","Africa","Africa","North Africa","North Africa","North Africa","ALM","Middle East and North Africa (MEA)","North Africa/Middle East"
"MOZ","Mozambique","Africa","Sub-Saharan Africa","Eastern Africa",2,202,14,"AFR","AFR.E","Africa","Africa","Africa","Southern Africa","Sub-Sarahan Africa","South+E Africa","ALM","Sub-Saharan Africa (AFR)","Sub-Saharan Africa, East"
"MMR","Myanmar","Asia","South-eastern Asia",NA,142,35,NA,"SEAR","SEAR.D","Eurasia","Asia","Asia and the Pacific","Southeast Asia","South East Asia","East Asia","ASIA","Other Pacific Asia (PAS)","Asia, Southeast"
"NAM","Namibia","Africa","Sub-Saharan Africa","Southern Africa",2,202,18,"AFR","AFR.E","Africa","Africa","Africa","Southern Africa","Sub-Sarahan Africa","South+E Africa","ALM","Sub-Saharan Africa (AFR)","Sub-Saharan Africa, Southern"
"NRU","Nauru","Oceania","Micronesia",NA,9,57,NA,"WPR","WPR.B","Australia","Australia","Asia and the Pacific","South Pacific","Oceania","Australasia","ASIA","Other Pacific Asia (PAS)","Oceania"
"NPL","Nepal","Asia","Southern Asia",NA,142,34,NA,"SEAR","SEAR.D","Eurasia","Asia","Asia and the Pacific","South Asia","Rest of South Asia","South Asia","ASIA","South Asia (SAS)","Asia, South"
"NLD","Netherlands","Europe","Western Europe",NA,150,155,NA,"EUR","EUR.A","Eurasia","Europe","Europe","Western Europe","Europe","Europe","OECD90","Western Europe (WEU)","Europe, Western"
"NCL","New Caledonia","Oceania","Melanesia",NA,9,54,NA,NA,NA,"Australia","Australia","Asia and the Pacific","South Pacific","Oceania","Australasia","ASIA","Other Pacific Asia (PAS)","Oceania"
"NZL","New Zealand","Oceania","Australia and New Zealand",NA,9,53,NA,"WPR","WPR.A","Australia","Australia","Asia and the Pacific","Australia and New Zealand","Oceania","Australasia","OECD90","Pacific OECD (PAO)","Australasia"
"NIC","Nicaragua","Americas","Latin America and the Caribbean","Central America",19,419,13,"AMR","AMR.D","South America","South America","Latin America and the Caribbean","Meso-America","Rest of Central Am","Central America","ALM","Latin America and the Caribbean (LAM)","Latin America, Central"
"NER","Niger","Africa","Sub-Saharan Africa","Western Africa",2,202,11,"AFR","AFR.D","Africa","Africa","Africa","Western Africa","Sub-Sarahan Africa","West Africa","ALM","Sub-Saharan Africa (AFR)","Sub-Saharan Africa, West"
"NGA","Nigeria","Africa","Sub-Saharan Africa","Western Africa",2,202,11,"AFR","AFR.D","Africa","Africa","Africa","Western Africa","Sub-Sarahan Africa","West Africa","ALM","Sub-Saharan Africa (AFR)","Sub-Saharan Africa, West"
"NIU","Niue","Oceania","Polynesia",NA,9,61,NA,"WPR","WPR.B","Australia","Australia","Asia and the Pacific","South Pacific","Oceania","Australasia","ASIA","Other Pacific Asia (PAS)","Oceania"
"NFK","Norfolk Island","Oceania","Australia and New Zealand",NA,9,53,NA,NA,NA,"Australia","Australia","Asia and the Pacific","South Pacific","Oceania","Australasia","ASIA","Other Pacific Asia (PAS)","Oceania"
"MNP","Northern Mariana Islands","Oceania","Micronesia",NA,9,57,NA,NA,NA,"Australia","Australia","Asia and the Pacific","South Pacific","Oceania","Australasia","ASIA","Other Pacific Asia (PAS)","Oceania"
"NOR","Norway","Europe","Northern Europe",NA,150,154,NA,"EUR","EUR.A","Eurasia","Europe","Europe","Western Europe","Europe","Europe","OECD90","Western Europe (WEU)","Europe, Western"
"OMN","Oman","Asia","Western Asia",NA,142,145,NA,"EMR","EMR.B","Eurasia","Asia","West Asia","Arabian Peninsula","Middle East","West Asia","ALM","Middle East and North Africa (MEA)","North Africa/Middle East"
"PAK","Pakistan","Asia","Southern Asia",NA,142,34,NA,"EMR","EMR.D","Eurasia","Asia","Asia and the Pacific","South Asia","Rest of South Asia","South Asia","ASIA","South Asia (SAS)","Asia, South"
"PLW","Palau","Oceania","Micronesia",NA,9,57,NA,"WPR","WPR.B","Australia","Australia","Asia and the Pacific","South Pacific","Oceania","Australasia","ASIA","Other Pacific Asia (PAS)","Oceania"
"PSE","Palestine, State of","Asia","Western Asia",NA,142,145,NA,NA,NA,"Eurasia","Europe","Europe","Western Europe","Europe","Europe","ALM","Middle East and North Africa (MEA)","Europe, Western"
"PAN","Panama","Americas","Latin America and the Caribbean","Central America",19,419,13,"AMR","AMR.B","South America","South America","Latin America and the Caribbean","Meso-America","Rest of Central Am","Central America","ALM","Latin America and the Caribbean (LAM)","Latin America, Central"
"PNG","Papua New Guinea","Oceania","Melanesia",NA,9,54,NA,"WPR","WPR.B","Australia","Australia","Asia and the Pacific","South Pacific","Oceania","Australasia","ASIA","Other Pacific Asia (PAS)","Oceania"
"PRY","Paraguay","Americas","Latin America and the Caribbean","South America",19,419,5,"AMR","AMR.B","South America","South America","Latin America and the Caribbean","South America","Rest of South Am","South America","ALM","Latin America and the Caribbean (LAM)","Latin America, Tropical"
"PER","Peru","Americas","Latin America and the Caribbean","South America",19,419,5,"AMR","AMR.D","South America","South America","Latin America and the Caribbean","South America","Rest of South Am","South America","ALM","Latin America and the Caribbean (LAM)","Latin America, Andean"
"PHL","Philippines","Asia","South-eastern Asia",NA,142,35,NA,"WPR","WPR.B","Eurasia","Asia","Asia and the Pacific","Southeast Asia","South East Asia","East Asia","ASIA","Other Pacific Asia (PAS)","Asia, Southeast"
"PCN","Pitcairn","Oceania","Polynesia",NA,9,61,NA,NA,NA,"Australia","Australia","Asia and the Pacific","South Pacific","Oceania","Australasia","ASIA","Other Pacific Asia (PAS)","Oceania"
"POL","Poland","Europe","Eastern Europe",NA,150,151,NA,"EUR","EUR.B","Eurasia","Europe","Europe","Central Europe","Europe","Europe","REF","Central and Eastern Europe (EEU)","Europe, Central"
"PRT","Portugal","Europe","Southern Europe",NA,150,39,NA,"EUR","EUR.A","Eurasia","Europe","Europe","Western Europe","Europe","Europe","OECD90","Western Europe (WEU)","Europe, Western"
"PRI","Puerto Rico","Americas","Latin America and the Caribbean","Caribbean",19,419,29,NA,NA,"South America","South America","Latin America and the Caribbean","Caribbean","Rest of Central Am","Caribbean","OECD90","North America (NAM)","Caribbean"
"QAT","Qatar","Asia","Western Asia",NA,142,145,NA,"EMR","EMR.B","Eurasia","Asia","West Asia","Arabian Peninsula","Middle East","West Asia","ALM","Middle East and North Africa (MEA)","North Africa/Middle East"
"REU","Reunion","Africa","Sub-Saharan Africa","Eastern Africa",2,202,14,NA,NA,NA,NA,NA,NA,NA,NA,NA,NA,NA
"ROU","Romania","Europe","Eastern Europe",NA,150,151,NA,"EUR","EUR.B","Eurasia","Europe","Europe","Central Europe","Europe","Europe","REF","Central and Eastern Europe (EEU)","Europe, Central"
"RUS","Russian Federation","Europe","Eastern Europe",NA,150,151,NA,"EUR","EUR.C","Eurasia","Europe","Europe","Eastern Europe","Russia","Europe","REF","Newly Independent States of FSU (FSU)","Europe, Eastern"
"RWA","Rwanda","Africa","Sub-Saharan Africa","Eastern Africa",2,202,14,"AFR","AFR.E","Africa","Africa","Africa","Eastern Africa","Sub-Sarahan Africa","South+E Africa","ALM","Sub-Saharan Africa (AFR)","Sub-Saharan Africa, East"
"BLM","Saint Barthelemy","Americas","Latin America and the Caribbean","Caribbean",19,419,29,NA,NA,"Eurasia","Europe","Europe","Western Europe","Europe","Europe","OECD90","Western Europe (WEU)","Europe, Western"
"SHN","Saint Helena, Ascension and Tristan da Cunha","Africa","Sub-Saharan Africa","Western Africa",2,202,11,NA,NA,"Africa","Africa","Africa","Southern Africa","Sub-Sarahan Africa","South+E Africa","ALM","Sub-Saharan Africa (AFR)","Sub-Saharan Africa, Southern"
"KNA","Saint Kitts and Nevis","Americas","Latin America and the Caribbean","Caribbean",19,419,29,"AMR","AMR.B","South America","South America","Latin America and the Caribbean","Caribbean","Rest of Central Am","Caribbean","ALM","Latin America and the Caribbean (LAM)","Caribbean"
"LCA","Saint Lucia","Americas","Latin America and the Caribbean","Caribbean",19,419,29,"AMR","AMR.B","South America","South America","Latin America and the Caribbean","Caribbean","Rest of Central Am","Caribbean","ALM","Latin America and the Caribbean (LAM)","Caribbean"
"MAF","Saint Martin (French part)","Americas","Latin America and the Caribbean","Caribbean",19,419,29,NA,NA,"Eurasia","Europe","Europe","Western Europe","Europe","Europe","OECD90","Western Europe (WEU)","Europe, Western"
"SPM","Saint Pierre and Miquelon","Americas","Northern America",NA,19,21,NA,NA,NA,"North America","North America","North America","Canada","Canada","North America","OECD90","North America (NAM)","North America, High Income"
"VCT","Saint Vincent and the Grenadines","Americas","Latin America and the Caribbean","Caribbean",19,419,29,"AMR","AMR.B","South America","South America","Latin America and the Caribbean","Caribbean","Rest of Central Am","Caribbean","ALM","Latin America and the Caribbean (LAM)","Caribbean"
"WSM","Samoa","Oceania","Polynesia",NA,9,61,NA,"WPR","WPR.B","Australia","Australia","Asia and the Pacific","South Pacific","Oceania","Australasia","ASIA","Other Pacific Asia (PAS)","Oceania"
"SMR","San Marino","Europe","Southern Europe",NA,150,39,NA,"EUR","EUR.A","Eurasia","Europe","Europe","Western Europe","Europe","Europe","OECD90","Western Europe (WEU)","Europe, Western"
"STP","Sao Tome and Principe","Africa","Sub-Saharan Africa","Middle Africa",2,202,17,"AFR","AFR.D","Africa","Africa","Africa","Central Africa","Sub-Sarahan Africa","West Africa","ALM","Sub-Saharan Africa (AFR)","Sub-Saharan Africa, West"
"SAU","Saudi Arabia","Asia","Western Asia",NA,142,145,NA,"EMR","EMR.B","Eurasia","Asia","West Asia","Arabian Peninsula","Middle East","West Asia","ALM","Middle East and North Africa (MEA)","North Africa/Middle East"
"SEN","Senegal","Africa","Sub-Saharan Africa","Western Africa",2,202,11,"AFR","AFR.D","Africa","Africa","Africa","Western Africa","Sub-Sarahan Africa","West Africa","ALM","Sub-Saharan Africa (AFR)","Sub-Saharan Africa, West"
"SRB","Serbia","Europe","Southern Europe",NA,150,39,NA,NA,NA,"Eurasia","Europe","Europe","Central Europe","Europe","Europe","REF","Central and Eastern Europe (EEU)","Europe, Central"
"SYC","Seychelles","Africa","Sub-Saharan Africa","Eastern Africa",2,202,14,"AFR","AFR.D","Africa","Africa","Africa","Western Indian Ocean","Sub-Sarahan Africa","South+E Africa","ALM","Sub-Saharan Africa (AFR)","Asia, Southeast"
"SLE","Sierra Leone","Africa","Sub-Saharan Africa","Western Africa",2,202,11,"AFR","AFR.D","Africa","Africa","Africa","Western Africa","Sub-Sarahan Africa","West Africa","ALM","Sub-Saharan Africa (AFR)","Sub-Saharan Africa, West"
"SGP","Singapore","Asia","South-eastern Asia",NA,142,35,NA,"WPR","WPR.A","Eurasia","Asia","Asia and the Pacific","Southeast Asia","South East Asia","East Asia","ASIA","Other Pacific Asia (PAS)","Asia Pacific, High Income"
"SXM","Sint Maarten (Dutch part)","Americas","Latin America and the Caribbean","Caribbean",19,419,29,NA,NA,"Eurasia","Europe","Europe","Western Europe","Europe","Europe","OECD90","Western Europe (WEU)","Europe, Western"
"SVK","Slovakia","Europe","Eastern Europe",NA,150,151,NA,"EUR","EUR.B","Eurasia","Europe","Europe","Central Europe","Europe","Europe","REF","Central and Eastern Europe (EEU)","Europe, Central"
"SVN","Slovenia","Europe","Southern Europe",NA,150,39,NA,"EUR","EUR.A","Eurasia","Europe","Europe","Central Europe","Europe","Europe","REF","Central and Eastern Europe (EEU)","Europe, Central"
"SLB","Solomon Islands","Oceania","Melanesia",NA,9,54,NA,"WPR","WPR.B","Australia","Australia","Asia and the Pacific","South Pacific","Oceania","Australasia","ASIA","Other Pacific Asia (PAS)","Oceania"
"SOM","Somalia","Africa","Sub-Saharan Africa","Eastern Africa",2,202,14,"EMR","EMR.D","Africa","Africa","Africa","Eastern Africa","Sub-Sarahan Africa","South+E Africa","ALM","Sub-Saharan Africa (AFR)","Sub-Saharan Africa, East"
"ZAF","South Africa","Africa","Sub-Saharan Africa","Southern Africa",2,202,18,"AFR","AFR.E","Africa","Africa","Africa","Southern Africa","Sub-Sarahan Africa","South+E Africa","ALM","Sub-Saharan Africa (AFR)","Sub-Saharan Africa, Southern"
"SGS","South Georgia and the South Sandwich Islands","Americas","Latin America and the Caribbean","South America",19,419,5,NA,NA,"Eurasia","Europe","Europe","Western Europe","Europe","Europe","OECD90","Western Europe (WEU)","Europe, Western"
"SSD","South Sudan","Africa","Sub-Saharan Africa","Eastern Africa",2,202,14,NA,NA,NA,NA,NA,NA,NA,NA,NA,NA,NA
"ESP","Spain","Europe","Southern Europe",NA,150,39,NA,"EUR","EUR.A","Eurasia","Europe","Europe","Western Europe","Europe","Europe","OECD90","Western Europe (WEU)","Europe, Western"
"LKA","Sri Lanka","Asia","Southern Asia",NA,142,34,NA,"SEAR","SEAR.B","Eurasia","Asia","Asia and the Pacific","South Asia","Rest of South Asia","South Asia","ASIA","South Asia (SAS)","Asia, Southeast"
"SDN","Sudan","Africa","Northern Africa",NA,2,15,NA,"EMR","EMR.D","Africa","Africa","Africa","North Africa","North Africa","North Africa","ALM","Middle East and North Africa (MEA)","Sub-Saharan Africa, East"
"SUR","Suriname","Americas","Latin America and the Caribbean","South America",19,419,5,"AMR","AMR.B","South America","South America","Latin America and the Caribbean","South America","Rest of South Am","South America","ALM","Latin America and the Caribbean (LAM)","Caribbean"
"SJM","Svalbard and Jan Mayen","Europe","Northern Europe",NA,150,154,NA,NA,NA,NA,NA,NA,NA,NA,NA,NA,NA,NA
"SWE","Sweden","Europe","Northern Europe",NA,150,154,NA,"EUR","EUR.A","Eurasia","Europe","Europe","Western Europe","Europe","Europe","OECD90","Western Europe (WEU)","Europe, Western"
"CHE","Switzerland","Europe","Western Europe",NA,150,155,NA,"EUR","EUR.A","Eurasia","Europe","Europe","Western Europe","Europe","Europe","OECD90","Western Europe (WEU)","Europe, Western"
"SYR","Syrian Arab Republic","Asia","Western Asia",NA,142,145,NA,"EMR","EMR.B","Eurasia","Asia","West Asia","Mashriq","Middle East","West Asia","ALM","Middle East and North Africa (MEA)","North Africa/Middle East"
"TWN","Taiwan, Province of China","Asia","Eastern Asia",NA,142,30,NA,NA,NA,"Eurasia","Asia","Asia and the Pacific","NW Pacific and East Asia","China","East Asia","ASIA","Other Pacific Asia (PAS)","Asia, East"
"TJK","Tajikistan","Asia","Central Asia",NA,142,143,NA,"EUR","EUR.B","Eurasia","Asia","Asia and the Pacific","Central Asia","FSU","Central Asia","REF","Newly Independent States of FSU (FSU)","Asia, Central"
"TZA","Tanzania, United Republic of","Africa","Sub-Saharan Africa","Eastern Africa",2,202,14,"AFR","AFR.E","Africa","Africa","Africa","Southern Africa","Sub-Sarahan Africa","South+E Africa","ALM","Sub-Saharan Africa (AFR)","Sub-Saharan Africa, East"
"THA","Thailand","Asia","South-eastern Asia",NA,142,35,NA,"SEAR","SEAR.B","Eurasia","Asia","Asia and the Pacific","Southeast Asia","South East Asia","East Asia","ASIA","Other Pacific Asia (PAS)","Asia, Southeast"
"TLS","Timor-Leste","Asia","South-eastern Asia",NA,142,35,NA,"SEAR","SEAR.B","Eurasia","Asia","Asia and the Pacific","Southeast Asia","South East Asia","East Asia","ASIA","Other Pacific Asia (PAS)","Asia, Southeast"
"TGO","Togo","Africa","Sub-Saharan Africa","Western Africa",2,202,11,"AFR","AFR.D","Africa","Africa","Africa","Western Africa","Sub-Sarahan Africa","West Africa","ALM","Sub-Saharan Africa (AFR)","Sub-Saharan Africa, West"
"TKL","Tokelau","Oceania","Polynesia",NA,9,61,NA,NA,NA,NA,NA,NA,NA,NA,NA,NA,NA,NA
"TON","Tonga","Oceania","Polynesia",NA,9,61,NA,"WPR","WPR.B","Australia","Australia","Asia and the Pacific","South Pacific","Oceania","Australasia","ASIA","Other Pacific Asia (PAS)","Oceania"
"TTO","Trinidad and Tobago","Americas","Latin America and the Caribbean","Caribbean",19,419,29,"AMR","AMR.B","South America","South America","Latin America and the Caribbean","Caribbean","Rest of Central Am","Caribbean","ALM","Latin America and the Caribbean (LAM)","Caribbean"
"TUN","Tunisia","Africa","Northern Africa",NA,2,15,NA,"EMR","EMR.B","Africa","Africa","Africa","North Africa","North Africa","North Africa","ALM","Middle East and North Africa (MEA)","North Africa/Middle East"
"TUR","Turkey","Asia","Western Asia",NA,142,145,NA,"EUR","EUR.B","Eurasia","Europe","Europe","Central Europe","Turkey","Europe","OECD90","Western Europe (WEU)","North Africa/Middle East"
"TKM","Turkmenistan","Asia","Central Asia",NA,142,143,NA,"EUR","EUR.B","Eurasia","Asia","Asia and the Pacific","Central Asia","FSU","Central Asia","REF","Newly Independent States of FSU (FSU)","Asia, Central"
"TCA","Turks and Caicos Islands","Americas","Latin America and the Caribbean","Caribbean",19,419,29,NA,NA,"South America","South America","Latin America and the Caribbean","Caribbean","Rest of Central Am","Caribbean","ALM","Latin America and the Caribbean (LAM)","Caribbean"
"TUV","Tuvalu","Oceania","Polynesia",NA,9,61,NA,"WPR","WPR.B","Australia","Australia","Asia and the Pacific","South Pacific","Oceania","Australasia","ASIA","Other Pacific Asia (PAS)","Oceania"
"UGA","Uganda","Africa","Sub-Saharan Africa","Eastern Africa",2,202,14,"AFR","AFR.E","Africa","Africa","Africa","Eastern Africa","Sub-Sarahan Africa","South+E Africa","ALM","Sub-Saharan Africa (AFR)","Sub-Saharan Africa, East"
"UKR","Ukraine","Europe","Eastern Europe",NA,150,151,NA,"EUR","EUR.C","Eurasia","Europe","Europe","Eastern Europe","FSU","Europe","REF","Newly Independent States of FSU (FSU)","Europe, Eastern"
"ARE","United Arab Emirates","Asia","Western Asia",NA,142,145,NA,"EMR","EMR.B","Eurasia","Asia","West Asia","Arabian Peninsula","Middle East","West Asia","ALM","Middle East and North Africa (MEA)","North Africa/Middle East"
"GBR","United Kingdom of Great Britain and Northern Ireland","Europe","Northern Europe",NA,150,154,NA,"EUR","EUR.A","Eurasia","Europe","Europe","Western Europe","Europe","Europe","OECD90","Western Europe (WEU)","Europe, Western"
"USA","United States of America","Americas","Northern America",NA,19,21,NA,"AMR","AMR.A","North America","North America","North America","US","USA","North America","OECD90","North America (NAM)","North America, High Income"
"UMI","United States Minor Outlying Islands","Oceania","Micronesia",NA,9,57,NA,NA,NA,"North America","North America","North America","US","USA","North America","OECD90","North America (NAM)","North America, High Income"
"URY","Uruguay","Americas","Latin America and the Caribbean","South America",19,419,5,"AMR","AMR.B","South America","South America","Latin America and the Caribbean","South America","Rest of South Am","South America","ALM","Latin America and the Caribbean (LAM)","Latin America, Southern"
"UZB","Uzbekistan","Asia","Central Asia",NA,142,143,NA,"EUR","EUR.B","Eurasia","Asia","Asia and the Pacific","Central Asia","FSU","Central Asia","REF","Newly Independent States of FSU (FSU)","Asia, Central"
"VUT","Vanuatu","Oceania","Melanesia",NA,9,54,NA,"WPR","WPR.B","Australia","Australia","Asia and the Pacific","South Pacific","Oceania","Australasia","ASIA","Other Pacific Asia (PAS)","Oceania"
"VEN","Venezuela (Bolivarian Republic of)","Americas","Latin America and the Caribbean","South America",19,419,5,"AMR","AMR.B","South America","South America","Latin America and the Caribbean","South America","Rest of South Am","South America","ALM","Latin America and the Caribbean (LAM)","Latin America, Central"
"VNM","Viet Nam","Asia","South-eastern Asia",NA,142,35,NA,"WPR","WPR.B","Eurasia","Asia","Asia and the Pacific","Southeast Asia","South East Asia","East Asia","ASIA","Centrally planned Asia and China (CPA)","Asia, Southeast"
"VGB","Virgin Islands (British)","Americas","Latin America and the Caribbean","Caribbean",19,419,29,NA,NA,"South America","South America","Latin America and the Caribbean","Caribbean","Rest of Central Am","Caribbean","ALM","Latin America and the Caribbean (LAM)","Caribbean"
"VIR","Virgin Islands (U.S.)","Americas","Latin America and the Caribbean","Caribbean",19,419,29,NA,NA,"South America","South America","Latin America and the Caribbean","Caribbean","Rest of Central Am","Caribbean","OECD90","North America (NAM)","Caribbean"
"WLF","Wallis and Futuna","Oceania","Polynesia",NA,9,61,NA,NA,NA,"Australia","Australia","Asia and the Pacific","South Pacific","Oceania","Australasia","ASIA","Other Pacific Asia (PAS)","Oceania"
"ESH","Western Sahara","Africa","Northern Africa",NA,2,15,NA,NA,NA,NA,NA,NA,NA,NA,NA,NA,NA,NA
"YEM","Yemen","Asia","Western Asia",NA,142,145,NA,"EMR","EMR.D","Eurasia","Asia","West Asia","Arabian Peninsula","Middle East","West Asia","ALM","Middle East and North Africa (MEA)","North Africa/Middle East"
"ZMB","Zambia","Africa","Sub-Saharan Africa","Eastern Africa",2,202,14,"AFR","AFR.E","Africa","Africa","Africa","Southern Africa","Sub-Sarahan Africa","South+E Africa","ALM","Sub-Saharan Africa (AFR)","Sub-Saharan Africa, East"
"ZWE","Zimbabwe","Africa","Sub-Saharan Africa","Eastern Africa",2,202,14,"AFR","AFR.E","Africa","Africa","Africa","Southern Africa","Sub-Sarahan Africa","South+E Africa","ALM","Sub-Saharan Africa (AFR)","Sub-Saharan Africa, Southern"
"WSB","Akrotiri Sovereign Base Area",NA,NA,NA,NA,NA,NA,NA,NA,"Eurasia","Europe","Europe","Western Europe","Europe","Europe","OECD90","Western Europe (WEU)","Europe, Western"
"Ashm","Ashmore and Cartier Islands",NA,NA,NA,NA,NA,NA,NA,NA,"Australia","Australia","Asia and the Pacific","Australia and New Zealand","Oceania","Australasia","OECD90","Pacific OECD (PAO)","Australasia"
"KAB","Baykonur Cosmodrome",NA,NA,NA,NA,NA,NA,NA,NA,"Eurasia","Europe","Europe","Eastern Europe","Russia","Europe","REF","Newly Independent States of FSU (FSU)","Europe, Eastern"
"CLP","Clipperton Island",NA,NA,NA,NA,NA,NA,NA,NA,NA,NA,NA,NA,NA,NA,NA,NA,NA
"CSI","Coral Sea Islands",NA,NA,NA,NA,NA,NA,NA,NA,"Australia","Australia","Asia and the Pacific","Australia and New Zealand","Oceania","Australasia","OECD90","Pacific OECD (PAO)","Australasia"
"CNM","Cyprus No Mans Area",NA,NA,NA,NA,NA,NA,NA,NA,"Eurasia","Europe","Europe","Central Europe","Europe","Europe","OECD90","Western Europe (WEU)","Europe, Western"
"ESB","Dhekelia Sovereign Base Area",NA,NA,NA,NA,NA,NA,NA,NA,"Eurasia","Europe","Europe","Western Europe","Europe","Europe","OECD90","Western Europe (WEU)","Europe, Western"
"Gaza","Gaza",NA,NA,NA,NA,NA,NA,NA,NA,"Eurasia","Europe","Europe","Western Europe","Europe","Europe","ALM","Middle East and North Africa (MEA)","Europe, Western"
"IOA","Indian Ocean Territories",NA,NA,NA,NA,NA,NA,NA,NA,"Australia","Australia","Asia and the Pacific","Australia and New Zealand","Oceania","Australasia","OECD90","Pacific OECD (PAO)","Australasia"
"KNM","Korea No Mans Area",NA,NA,NA,NA,NA,NA,NA,NA,"Eurasia","Asia","Asia and the Pacific","NW Pacific and East Asia","China","East Asia","ASIA","Centrally planned Asia and China (CPA)","Asia, East"
"KOS","Kosovo",NA,NA,NA,NA,NA,NA,NA,NA,"Eurasia","Europe","Europe","Central Europe","Europe","Europe","REF","Central and Eastern Europe (EEU)","Europe, Central"
"CYN","Northern Cyprus",NA,NA,NA,NA,NA,NA,NA,NA,"Eurasia","Europe","Europe","Central Europe","Europe","Europe","OECD90","Western Europe (WEU)","Europe, Western"
"KAS","Siachen Glacier",NA,NA,NA,NA,NA,NA,NA,NA,"Eurasia","Asia","Asia and the Pacific","South Asia","India","South Asia","ASIA","South Asia (SAS)","Asia, South"
"SOL","Somaliland",NA,NA,NA,NA,NA,NA,NA,NA,"Africa","Africa","Africa","Eastern Africa","Sub-Sarahan Africa","South+E Africa","ALM","Sub-Saharan Africa (AFR)","Sub-Saharan Africa, East"
"SDS","South Sudan",NA,NA,NA,NA,NA,NA,NA,NA,"Africa","Africa","Africa","North Africa","North Africa","North Africa","ALM","Middle East and North Africa (MEA)","Sub-Saharan Africa, East"
"USG","US Naval Base Guantanamo Bay",NA,NA,NA,NA,NA,NA,NA,NA,"North America","North America","North America","US","USA","North America","OECD90","North America (NAM)","North America, High Income"
"SAH","Western Sahara",NA,NA,NA,NA,NA,NA,NA,NA,"Africa","Africa","Africa","North Africa","North Africa","North Africa","ALM","Middle East and North Africa (MEA)","North Africa/Middle East"
