airports,dest_country,dest_citytownvillage,dest_arealocality,bgd_district,bgd_thana,bgd_areas_visited
",LONDON",UK,LONDON,SATON,ASHUGONJ,SADAR,"BHUAPUR, TANGAIL"
ABDUL AZIZ AIRPORT,SAUDIARABIA,JEDAH,BAWADI,B -BARIA,KASHBA,"Dhaka, Gazipur"
ABDUL AZIZ AIRPORT,KSA,JEDDAH,SALMIA,B- BARIYA,NABINAGAR,DHANMANDHI
ABHUDHABI,UAE,ABUDHABI,MAIN CITY,B- BARIYA,BIJOY NAGAR,Chandpur
ABU DHABI,UAE,ABUDHABI,AIRPORT STREET,B- BARIYA,ASHUGONJ,B.BARIA
ABU DHABI,UAE,ABUDHABI,NA,B- BARIYA,SADAR,Chandpur
"Abu Dhabi, Riyadh",KSA,Riyadh,Olaya,B- BARIYA,NABINAGAR,BARISAL
ABUDHABE,QATAR,DOHA,DON’T KNOW,B- BARIYA,BANCHARAMPUR,"CHITTAGONG,DHAKA"
Abudhabi,UAE,Abudhabi,Abudhabi,B- BARIYA,BANCHARAMPUR,"BARISAL,PIRUJPUR"
ABUDHABI,UAE,MUSAFFA,MUSAFFA,B- BARIYA,NASIRNAGAR,"B-BARIA,DHAKA"
ABUDHABI,ABUDHABI,MAIN CITY,NADESIA,B. BARIA,SADAR,"BELKUCHI, SIRAJGONJ"
ABUDHABI,ABUDHABI,MAIN CITY,HAMDAM ROAD,B.Baria,Sorail,"BELKUCHI, SIRAJGONJ,SHAHINBAGH, DHAKA"
ABUDHABI,USA,VA,VIEANA,B.BARIA,BANCHARAMPUR,"BHALUKA, MYMENSINGH"
ABUDHABI,UAE,ABHUBHABI,TOURIST CLUB,B.BARIA,NABIGANJ,"BHATERA, DHAKA"
ABUDHABI,UAE,ABUDHABI,BANIAJ,B.BARIA,NABIGONJ,"Biswanath, Zindabazaar, Sylhet"
ABUDHABI,UAE,ABUDHABI,SANAIYA,B.BARIA,NOBINAGAR,"BOGRA, DHAKA"
ABUDHABI,UAE,DUBAI,JABE ALI PARKO,B.BARIA,BANCHARAMPUR,"BOGRA,KHULNA,DHAKA"
ABUDHABI,UAE,ABUDHABI,AIKET CITY,B.BARIA,SHADAR THANA,Bogura
ABUDHABI,UAE,ABUDHABI,ALAIN,B.BARIA,BANCHARAMPUR,"Bogura, Dhaka, Sirajgonj"
Abudhabi,UAE,Abudhabi,Sanaiya,B.BARIA,"B.BARIA ,SHADAR","BORURA,COMILLA"
Abudhabi,UAE,Abudhabi,Alail,B.BARIA,SHADARTHANA,"BOUTTADI, NARSHINGDI, ARAIHAZAR, NARAYANGONJ"
Abudhabi,UAE,Abudhabi,Musaffa,B.BARIA,KASHBA,BRAHMANBARIA
Abudhabi,UAE,Abudhabi,NA,B.BARIA,KASHBA,BRAHMANBARIA
ABUDHABI,UAE,ABUDHABI,ABUDHABI,B.BARIA,SHADAR THANA,"BRAHMANBARIA,SYLHET,DHAKA"
ABUDHABI,UAE,ABHUBHABI,ICARD,B.Baria,Nabinagar,"CHANDINA, COMILLA, SONORGONE, DHAKA, KAWRANBAZAR, DHAKA"
ABUDHABI,SAUDIA ARABIA,RIYADH,DELLA,Bagerhat,Mollarhat,CHITTAGONG
ABUDHABI,ABUDHABI,SALAM CITY,NA,BAGURA,BAGURA,CHITTAGONG
ABUDHABI,Dubai,ABUDHABI,MOSAFFA,BAGURA,THUNAT,"CHITTAGONG,DHAKA"
ABUDHABI,UAE,ABUDHABI,ALAIN,BARGUNA,TALTOLI,Comilla
ABUDHABI,UAE,ALAEN,SHARIKA,BARGUNA,SADAR,COMILLA
ABUDHABI,UAE,ABUDHABI,SABHIHA,BARGUNA,AMTOLI,Comilla
ABUDHABI,UAE,Abudhabi,ICOT,BARISAL,BAKHARGONJ,"COMILLA,DHAKA"
ABUDHABI,ABUDHABI,ALAI,ALFA,BARISAL,BAKERGONJ,DHAKA
ABUDHABI,ABUDHABI,HAMIM,SALAM CITY,BARISAL,GAURANADI,DHAKA
ABUDHABI,ABUDHABI,ABUDHABI,GELANI,BARISAL,BABLA,DHAKA
ABUDHABI,ABUDHABI,ABUDHABI,GELANI,BARISHAL,KATUALI,Dhaka
ABUDHABI,UAE,ABUDHABI,MOJIRA,Barishal,Pirojpur,DHAKA
ABUDHABI,UAE,ABUDHABI,HAMIM SALAM CITY,BARISHAL,AIRPORT THANA,DHAKA
ABUDHABI,UAE,ABUDHABI,KHALIFA ROAD,BARISHAL,KOTOALY,DHAKA
ABUDHABI,UAE,ABUDHHABI,BANIAS,BARISHAL,SADAR,DHAKA
ABUDHABI,ABUDHABI,SHATUK,NA,B-BARIA,COSHBA,"DHAKA, TEJGAON"
ABUDHABI,ABUDHABI,SALAM CITY,NA,B-BARIA,B-BARIA,"DHAKA, TEJGAON"
ABUDHABI,UAE,ABUDHABI,MUSAFFA,B-BARIA,KASHBA,DHANMANDHI DHAKA
ABUDHABI,UAE,AL-KASHIM,SAJAD,B-BARIA,NABINAGAR,"KAKRAIL,DHANMANDHI DHAKA"
Abudhabi,UAE,Abudhabi,Baniyas,B-BARIA,BANCHARAMPUR,"Khulna, Dhaka"
ABUDHABI,UAE,ABUDHABI,DON’T KNOW,BHANDARIYA,SADAR,MOTLAB CHANDPUR
"ABUDHABI, AMMAN",JORDAN,AMMAN,AL DULAL,BHOLA,SHASIVISION,COMILLA
"ABUDHABI, BAGDAD",IRAQ,BAGDAD,NA,BHOLA,BORHAN UDDIN,COMILLA
"ABUDHABI, BAGDAD",IRAQ,BAGDAD,NA,BHRAMMAN BARIYA,ASHUGANJ,Comilla
"ABUDHABI, BAGDAD",IRAQ,BAGDAD,NA,BHRAMMAN BARIYA,BIJAYNAGAR,Comilla
"Abudhabi, Bagdad",Iraq,NA,NA,BHRAMMAN BARIYA,NABINAGAR,COMILLA
"Abudhabi, Bagdad",Iraq,Bagdad,NA,BHRAMMAN BARIYA,NABINAGAR,Comilla
"Abudhabi, Bagdad",Iraq,Bagdad,NA,BHRAMMAN BARIYA,BHRAMMAN BARIYA,COMILLA
"Abudhabi, Bagdad",Iraq,Bagdad,NA,BHRAMMAN BARIYA,BIJAYNAGAR,COMILLA
"Abudhabi, Bagdad",Iraq,Bagdad,NA,BHRAMMAN BARIYA,NOBINAGAR,"COMILLA ,B.BARIA"
"Abudhabi, Bagdad",Iraq,Bagdad,NA,BHRAMMAN BARIYA,BANCHARAMPUR,"Comilla, Chittagaonj"
"Abudhabi, Bagdad",Iraq,Bagdad,NA,BHULA,BURHANUDDIN,"COMILLA, DHAKA"
"Abudhabi, Bagdad",Iraq,Bagdad,NA,BIKROMPUR,LOWHAJONG,"Comilla, Dhaka"
"Abudhabi, Bagdad",Iraq,Bagdad,NA,BOGRA,SONATALA,"COMILLA, DHAKA"
"ABUDHABI, BAHARAIN",BAHARAIN,MAHAREK,MANAMA,BORGONA,BAMNA,"CHITTAGONG,DHAKA"
"ABUDHABI, BEIRUT",LEBANON,BEIRUT,NA,Borguna,Bamna,"DAUDKANDI,COMILLA"
"ABUDHABI, BRUSSELS",BELGIUM,ANTROP,ANTROP,BRAHMANBARIA,NABINAGAR,COMILLA
"Abudhabi, Chicago, Minneapolis",USA,St.paul,Residance,BRAHMANBARIA,BANCHARAMPUR,"B.BARIA,DHAKA"
"ABUDHABI, GENEVA",SWITZERLAND,GENEVA,NA,BRAHMANBARIA,NABINAGAR,KISHOREGANJ
"Abudhabi, Heathrow",England,London,Kent,BRAHMANBARIA,BRAHMANBARIA SADAR,Ascott Hotel
"ABUDHABI, HEATHROW",UK,LONDON,LUISHAM,BRAHMANBARIA,SORAIL,"DAUDKANDI,COMILLA"
"ABUDHABI, IRAQ",IRAQ,BAGDAD,DON'T KNOW,BRAHMANBARIA,BANCHARAMPUR,COMILLA
"ABUDHABI, IRAQ",IRAQ,BAGDAD,DON'T KNOW,BRAHMANBARIA,NABINAGAR,Comilla
"ABUDHABI, IRAQ",IRAQ,BAGDAD,DON'T KNOW,BRAHMANBARIA,NABINAGAR,COMILLA
"ABUDHABI, JEDDAH",SAUDI ARABIA,JEDDAH,RAWZA,BRAHMANBARIYA,SADAR,CHADPUR
"ABUDHABI, JFK",USA,NEWYORK,NEWYORK,BRAHMANBARIYA,SADAR,"CHITTAGONG,DHAKA"
"Abudhabi, Maskat",Qatar,Oman,Salala,BRAMMONBARIA,KOSBA,"CHANDPUR, DHAKA"
"Abudhabi, Maskat",Oman,Maskat,NA,BRAMMONBARIA,ASHUGANJ,DAGONBHUYYAN
"ABUDHABI, MUSKAT",OMAN,MUSKAT,BENI BURANI,CHADPUR,MATLOB,Chittagong
"ABUDHABI, WASHINGTON DC",USA,WASHINGTON,DISTRICT OF COLOMBIA,CHADPUR,MOTLAB,CHITTAGONG
"ABUDHABI,AMMAN",JORDAN,JAKARTA,ALDULAL,CHADPUR,SHAHARASTI,"BRAHMANBARIA,NARSINGDI,DHAKA"
"ABUDHABI,BAGDAD",IRAQ,BAGDAD,DON’T KNOW,CHADPUR,MOTLAB,"BRAMMAN BARIYA, DHAKA"
"ABUDHABI,BAGDAD",IRAQ,BAGDAD,NA,CHADPUR,FARIDGANJ,"COMILLA, DHAKA"
"ABUDHABI,BAGDAD",IRAQ,BAGDAD,NA,CHADPUR,SHAROSTI,"COMILLA, DHAKA"
"ABUDHABI,BAGDAD",IRAQ,BAGDAD,NA,"CHADPUR,KUCHUA",NA,"COMILLA, DHAKA"
"ABUDHABI,BAGDAD",IRAQ,BAGDAD,NA,CHANDPUR,MATLAB,"COMILLA, DHAKA"
"ABUDHABI,BAGDAD",IRAQ,BAGDAD,DON'T KNOW,CHANDPUR,KOCHUA,"COMILLA,BRAHMANBARIA"
"ABUDHABI,BAGDAD",IRAQ,BAGDAD,DON'T KNOW,CHANDPUR,SHOHORASTI,"COMILLA,CHANDINA"
"ABUDHABI,BAGDAD",IRAQ,BAGDAD,DON'T KNOW,CHANDPUR,HAZIGANJ,"COMILLA,DHAKA"
"ABUDHABI,BAGDAD",IRAQ,BAGDAD,DON'T KNOW,CHANDPUR,HAZIGONJ,"COMILLA,DHAKA"
"ABUDHABI,BAGDAD",IRAQ,BAGDAD,DON'T KNOW,CHANDPUR,MOTLOB,"COMILLA,DHAKA"
"ABUDHABI,BAHRAIN",BAHRAIN,MANAMA,NA,CHANDPUR,MOTLOB,CHITTAGONG
"ABUDHABI,BAHRAIN",BAHRAIN,MANAMA,NA,CHANDPUR,FARIDGONJ,CHITTAGONG
"ABUDHABI,CHINA",CHINA,BAIJING,NA,CHANDPUR,MOTLAB,DHAKA
"ABUDHABI,JFK,",USA,"NEWYORK,OZONPARK",OZONPARK,CHANDPUR,SHAHARASTI,Comilla
"ABUDHABI,LONDON",UK,LONDON,NW 1,CHANDPUR,HAIMCHAR,Comilla
"ABUDHABI,LONDON,HEATHROW",ENGLAND,LONDON,EAST LONDON,CHANDPUR,SAHRASTI,"BEANIBAZAR,SYLHET"
"ABUDHABI,MASCOT",OMAN,DON'T KNOW,DON’T KNOW,CHANDPUR,HAIMCHAR,Dhaka
"ABUDHABI,NEW YORK",USA,NEW YORK,BROSKOS,CHANDPUR,KACHUA,"BIKROMPUR,MUNSHIGONJ,BADDA,DHAKA"
"ABUDHABI,SAUDI ARABIA",SAUDI ARABIA,JEDDAH,HARAZBATENE,CHANDPUR,KOCHUYA,"BELTALA, BARISAL, SADAR, BARGUNA"
"ABUDHABI,SHIKAGO",USA,MICHIGAM,TROY,CHANDPUR,KOCHUA,"BEANIBAZAR,SYLHET,UTTARA,DHAKA"
"ABUDHABI,U.S.A",U.S.A,WASHINGTON,NA,CHANDPUR,SHAHORASTHI,CHITTAGONG
"ATATUEK, ISTANBUL",TURKEY,ISTAMBUL,BAKIRKOY,CHANDPUR,KOCHUA,"CHITTAGONG,DHAKA"
"ATATURK, ISTANBUL ,TURKEY, STUTTGART, GERMENY",GERMANY,TITISECNEWSTAAL,NA,CHANDPUR,KOCHUA,CHADPUR
"ATATURK, ISTANBUL ,TURKEY, STUTTGART, GERMENY",GERMANY,STUTTGART,NA,CHANDPUR,KACHUA,"CHADPUR, MOTLOB, MERUL BADDA, DHAKA"
BANGKOK,THAILAND,BANGKOK,NA,CHANDPUR,MATLAB,"Atghoria, Chatmohor, Vangura, Pabna"
BANGKOK,THAILAND,BANGKOK,SUKHUMIT,CHAPAINAWABGANJ,CHAPAINAWABGANJ,"ATRAI, NAWGAON, SAVAR, DHAKA"
Bangkok,Thailand,Bangkok,NA,Chittagang,Swandeep,"B.Baria, Akhura"
BANGKOK,THAILAND,BANGKOK,BANGKOK,CHITTAGONG,HALISHAHOR,"FAKIRAPUL, DHAKA, CHATAK, SUNAMGANJ"
BANGKOK,THAILAND,BABGKOK,DON'T KNOW,CHITTAGONG,BANDAR,"JAINTA, SYLHET"
Bangkok,Thailand,Bangkok,Suknur,CHITTAGONG,CHANDANISH,"KISHOREGANJ,DHAKA"
Bangkok,Thailand,Bangkok,Suknur,CHITTAGONG,CHITTAGONG,"KISHOREGANJ,DHAKA,MYMENSING"
BANGKOK,THAILAND,BANGKOK,SUKUMVIT,CHITTAGONG,HALISHOHOR,MONSHIGANJ
BANGKOK,THAILAND,BANGKOK,CITY,CHITTAGONG,PHARTALI,"Noakhali, Dhaka"
BANGKOK,THAILAND,BANGKOK,VICTORIA,CHITTAGONG,KOTOALI,"NOAKHALI, DHAKA"
BANGKOK,THAILAND,BANGKOK,SIAM,CHITTAGONG,PAHARTOLI,"NORSHINDI, DHAKA"
BANGKOK,THAILAND,BANGKOK,LANGCHUAN,CHITTAGONG,PATENGA,"PALLABI,DHAKA"
BANGKOK,THAILAND,BANGKOK,NA,CHITTAGONG,RANGUNIYA,"PANCHLAISE,CHITTAGONG"
BANGKOK,THAILAND,BANGKOK,PATHUMTHANI,CHITTAGONG,HATHAZARI,"RAJOR,MADARIPUR,BANANI,SYADABAD,DHAKA"
BANGKOK,THAILAND,BANGKOK,SUKUMVIT,CHITTAGONG,RANGINIYA,"RAMONA DHAKA,NORSHINDI"
BANGKOK,THAILAND,BANGKOK,SUKUMBIT,CHITTAGONG,RANGINIYA,"RAMPURA, DHAKA"
BANGKOK,THAILAND,BANGKOK,SUKUMVIT,CHITTAGONG,FATIKSORI,"RANGPUR, DHAKA"
BANGKOK,THAILAND,BANGKOK,BANGKOK,CHITTAGONG,POTENGA,Rongpur
BANGKOK,THAILAND,BANGKOK,DON'T KNOW,CHITTAGONG,POTENGA,"SADAR, LAXMIPUR, GORAN, DHAKA"
BANGKOK,THAILAND,BANGKOK,DON'T KNOW,CHITTAGONG,HAT HAZARI,"SADAR, MANIKGONJ, AIRPORT, DHAKA"
BANGKOK,THAILAND,BANGKOK,DON'T KNOW,CHITTAGONG,PATENGA,"SADAR, NARAYANGONJ"
BANGKOK,THAILAND,BANGKOK,DON'T KNOW,CHITTAGONG,MIRSARAI,"SADAR, NARSHINGDI, BANCHARAMPUR, B-BARIYA"
BANGKOK,THAILAND,BANGKOK,DON'T KNOW,CHITTAGONG,HATHAZARI,"SADULLAPUR,GAIBANDHA SADAR"
BANGKOK,THAILAND,BANGKOK,POWARAT,CHITTAGONG,BIOJID BOSTAMI,SAVAR
BANGKOK,THAILAND,BANGKOK,PATCHBUR,CHITTAGONG,SHANDIP,"SAVAR,MIRPUR DHAKA,NARAYANGONJ"
BANGKOK,THAILAND,BANGKOK,PATCHBUR,CHITTAGONG,RAOZAN,"SAYABAD, GULSHAN, DHANMONDI, DHAKA"
BANGKOK,THAILAND,BANGKOK,SUKUMVIT,CHITTAGONG,SADAR,"SHABAG, DHAKA"
BANGKOK,THAILAND,BANGKOK,PATCHBURI,CHITTAGONG,PORT,"SHALNA, GAZIPUR"
BANGKOK,THAILAND,BANGKOK,SUKUMVIT,CHITTAGONG,MIRERSORAI,"SHANDIP, CHITTAGONG"
BANGKOK,THAILAND,BANGKOK,SUKIMBIT,CHITTAGONG,KHULSHI,"STADIUM,DHAKA"
BANGKOK,THAILAND,BANGKOK,PRATUNUM,CHITTAGONG,LOHAGORA,Sylhet
BANGKOK,THAILAND,BANGKOK,SUKUMVIT,CHITTAGONG,SATKANIA,SYLHET
BANGKOK,THAILAND,BANGKOK,SUKUMBIT,CHITTAGONG,POTIYA,"SYLHET,DHAKA"
BANGKOK,THAILAND,BANGKOK,WATSNNGAN RAMA 1 ROAD,CHITTAGONG,FOTIA,"SYLHET,MAULOVIBAZAR"
BANGKOK,THAILAND,BANGKOK,PETCHBURI,CHITTAGONG,SITAKUNDU,TANGAIL
BANGKOK,THAILAND,BANGKOK,SOKHUMVIT,CHITTAGONG,SITAKUNDU,"TANGAIL,DHAKA"
BANGKOK,THAILAND,BANGKOK,NA,CHITTAGONG,KOTOALI,"TANGAIL,GAZIPUR,DHAKA"
BANGKOK,THAILAND,BANGKOK,SUKUMBU,CHITTAGONG,PANCHLAISE,"TEJGAON, DHAKA"
BANGKOK,THAILAND,BANGKOK,SATHORN,CHITTAGONG,KHULSHI,"UTTARA, GULSHAN, DHAKA, MONGLA, KHULNA"
BANGKOK,THAILAND,BANGKOK,WAXSUMRAMAWAN,CHNDPUR,MATLAB,"WARI, DHAKA"
"BANGKOK, BRISBENE",AUSTRALIA,BRISBENE,MELBORNE,CHNDPUR,MATLAB,"KOLAORA,MOULAVIBAZAR"
"BANGKOK, HONGKONG",ITALY,MODOWA,NORTH,CHNDPUR,MATLAB,DHAKA
"BANGKOK, MANILA",PHILIPINE,MANILA,MANDAKPENG CITY,CHUADANGA,NA,KOMOLAPUR DHAKA
"BANGKOK, SUVARNABHUMI",THAILAND,BANGKOK,?,CHUADANGA,ALFADANGA,"RAMNA,DHAKA"
"BANGKOK,CHAINGMAI",THAILAND,CHAINGMAI,NIGHT BAZAR,COMILA,YES,"SHURMA, SADAR, SYLHET"
"BANGKOK,HONGKONG",HONGKONG,KOWLOON,OLIMPIC,COMILA,CHAWDDOGRAM,"WARI, DHAKA"
"BANGKOK,MYANMAR",MYANMAR,YAGON,HOTEL,COMILA,BURICHANG,CHAPAINAWABGONJ
"BANGKOK,PUKET,ORANTO",SOUTH AFRIKA,KIMBERLEY,SQUARE HILL,COMILLA,SHADAR THANA,"Sylhet, Shariyetpur, Faridpur, Dhaka"
"BANGKOK,SHUBARNAVOMI",THAILAND,BANGKOK,BANGKOK,COMILLA,CHADDOGRAM,JAMALPUR
BANGKOKI,THAILAND,BANGKOK,RACHARDA PAMEK ROAD,COMILLA,DON'T KNOW,"KUMARKHALI,KUSHTIA,DHAKA"
Bankok,THAILAND,Bankok,Shukhumvit,COMILLA,MORADNAGAR,ADABOR DHAKA
BANKOK,USA,SANTA,CALIFORNIA,COMILLA,KOTOALI,DHAK
BANKOK,THAILAND,BANKOK,NA,COMILLA,BURICHANG,"GANGNI,MEHERPUR"
BANKOK,THAILAND,BANGKOK,PATIYA,COMILLA,DAUDKANDI,"SADAR, PABNA"
BANKOK,THAILAND,BANKOK,SHUKUMVIT,COMILLA,DEBIDAR,"Saturia, Manikgonj"
"Bankok, Heathrow, Aberdeen",Scotland,Aberdeen,Aberdeenduire,COMILLA,DAUDKANDI,"DHAKA, NABABGANJ"
"Bankok, Kaab",Thailand,Huthin,NA,COMILLA,DAUDKANDI,"KHILGAO,DHAKA"
"BANKOK, SINGAPUR",NEPAL,KATHMANDU,LALITPUK,COMILLA,MURADNAGAR,DHAKA
"BANKOK, SINGAPUR",THAILAND,BENKOK,BANKOK,COMILLA,HOMNA,DHAKA
"BANKOK, SINGAPUR",THAILAND,BANKOK,NA,COMILLA,DAUDKANDI,"FOKIRAPUL DHAKA,FENI"
"BANKOK,SYLHET",THAILAND,BANKOK,SUMKIBIT,COMILLA,HOMNA,"RAMONA, DHAKA"
BENKOK AIRPORT,THAILAND,BENKOK,SUHMMIT,Comilla,Monoronjon,"FOKIRAPUL DHAKA,CHITTAGONG"
BHUTAN,BHUTAN,THIMPU,THIMPU,Comilla,Laksam,UTTARA/DHAKA
"Bombe, Dammam",KSA,Dammam,Alasa,COMILLA,LAKSAM,GULSHAN DHAKA
"Bombe, Dubai",UAE,Abudhabi,Baniyas,COMILLA,DAUDKANDI,"Dhaka, Mymensingh"
"Bombe, Riyad",KSA,Riyad,Al Kharij,COMILLA,MORADNAGAR,"DHAKA, MYMENSINGH"
"BOMBEY,RIAD",SAUDIARAB,READ,NASIM,COMILLA,HOMNA,"FOKIRAPUL DHAKA,CHITTAGONG"
"BOMBEY,RIAD",SOUDIARABIA,ALKASIM,BORUDIA,Comilla,Debiddar,"TANGAIL, DHAKA"
"CHAINA SAUDARN,BANKOK",THAILAND,BANKOK,BANGMO,COMILLA,KATOALI,"SADORGHAT DHAKA,MADARIPUR"
Changi,Singapore,NA,NA,COMILLA,BURICHANG,"B.baria, Dhaka"
CHANGI,SINGAPUR,MARINA,ODLAND,COMILLA,CHODDO GRAM,"CHUNARUGHAT,HOBIGANJ"
CHANGI,SINGAPUR,ARTCHART,KELAN,COMILLA,DAUDKANDI,Comilla
CHANGI,SINGAPUR,SINGAPUR CITY,M O Q,COMILLA,CHOUDDAGRAM,COMILLA
CHANGI,SINGAPORE,SINGAPORE CITY,DON'T KNOW,COMILLA,DAUDKANDI,"Comilla, Dhaka, Pabna, Manikgonj"
CHANGI,SINGAPUR,CHERANGON,CHERANGON,COMILLA,CHADDAGRAM,DHAKA
Changi,Singapore,Changi,NA,COMILLA,KOTBARI,DHAKA
CHANGI,SINGAPUR,JURONG EAST,TWATOGAN,COMILLA,NANGALKOART,DHAKA
Changi,Singapore,Changi,Jubon East,COMILLA,MEGHNA,"LAXMIPUR,NOAKHALI"
CHANGI,SINGAPORE,NA,COMPANIJ,COMILLA,DAUDKANDI,"PANTHAPATH,DHAKA"
CHANGI,SINGAPORE,NA,KALAN-72,COMILLA,MEGHNA,"PHARTALI, CHITTAGONG"
CHANGI AIRPORT SINGAPORE,HONKKONG,HONGKONG,NA,COMILLA,DEBIDDER,B.Baria
CHANGI AIRPORT SINGAPORE,SINGAPORE,SINGAPORE CITY,SAMMO,COMILLA,LAXUM,COMILLA
CHANGI AIRPORT SINGAPORE,SINGAPORE,SINGAPORE CITY,MERINAWAY,COMILLA,BORURA,"DHAKA,MAGURA"
CHANGI AIRPORT SINGAPORE,SINGAPORE,SINGAPORE CITY,CAMPANSEE,COMILLA,MORADNAGAR,"TANGAIL,JAMALPUR"
CHANGI AIRPORT SINGAPORE,SINGAPORE,SINGAPORE CITY,KERENGI,COMILLA,COMILLA,"TATIBAZAR,NAWABGONJ,DHAKA"
"CHANGI AIRPORT SINGAPORE, HO CHI MINH, VIETNAM",VIETNAM,HO CHI MINH,HO CHI MINH,COMILLA,KOTUATOLI,DHAKA
"CHANGI AIRPORT SINGAPORE, KUALALAMPUR AIRPORT",MALAYSIA,JOHORBAROI,MUAR,COMILLA,BARURA,"DHAKA,MYMENSINGH"
"CHANGI AIRPORT SINGAPORE, KUALALAMPUR AIRPORT",MALAYSIA,KUALALAMPUR,LANGLALAMA,COMILLA,BORUHA,"DHAKA,MYMENSINGH, NETROKUNA"
"CHANGI AIRPORT SINGAPORE, KUALALAMPUR AIRPORT",MALAYSIA,PAHANG,NA,COMILLA,MURADNAGAR,"DHAKA,NOAGAON"
"CHANGI AIRPORT, SINGAPORE",SINGAPORE,NA,NA,COMILLA,BURICHANG,B.Baria
"CHANGI SINGAPORE,FOCKLAND",NEWZEALAND,FOCKLAND,MOUNTRASFHKILTI,COMILLA,HOMNA,"COMILLA, DHAKA"
"Changi, Singapore",Singapore,NA,Kent Ridse,COMILLA,MURADNAGAR,DHAKA
"CHANGI,SIDNY",AUSTRALIA,SIDNY,SIDNY,COMILLA,CHOWDDOGRAM,DHAKA
"CHANGI,SINGAPORE",SINGAPORE,MARINA,SUMBUANG,COMILLA,DAUDKANDI,Chittagang
"CHANGI,SINGAPORE",SINGAPORE,PINJURULEN,DON'T KNOW,COMILLA,DEBEDDER,Chittagang
"CHANGI,SINGAPORE",SINGAPUR,JURONGEAST,NA,COMILLA,KATWALI,"COMILLA, DHAKA"
"CHANGI,SINGAPORE",Singapore,SINGAPORE CITY,BUKIPATHOR,COMILLA,BARURA,"COMILLA, DHAKA"
"CHANGI,SINGAPORE",SINGAPORE,SINGAPORE CITY,BUKIPATHOR,COMILLA,BAROA,"COMILLA, DHAKA"
"CHANGI,SINGAPORE",SINGAPORE,SINGAPORE CITY,BULLE,COMILLA,CHANDINA,"COMILLA, DHAKA, BHRAMMANBARIYA"
"CHANGI,SINGAPORE",SINGAPORE,CHANGI,NA,COMILLA,HOMNA,"DEIDDAR,COMILLA"
"CHANGI,SINGAPORE",SINGAPORE,SINGAPORE,SINGAPORE,COMILLA,CHANDINA,"DEMRA,TITAS,DHAKA,DEMRA"
CHANNAI,INDIA,CHANNAI,CHANNAI,COMILLA,DAUDKANDI,"KURNA, KUSHTIA. ASHULIA, PALTAN , DHAKA"
CHANNAI,INDIA,CHANNAI,THOUSAND LIGHTS,COMILLA,LAXUM,"POLTAN,SAVAR DHAKA"
"Channai, Singapur",Singapore,Seragoon,City,COMILLA,KOTOALY,"B.Baria, Dhaka"
CHENNAI,INDIA,VELLORE,CMC,COMILLA,BARORA,"DHAKA,SYLHET,MOULOVIBAZAR"
CHENNAI,MALDIV,MALE,NA,COMILLA,MURADNAGAR,PUBNA
"CHENNAI, MALE",MALDIVES,MALE,MALE,COMILLA,DAUDKANDI,"TEJGAON,TONGI,NARAYANGONJ"
"CHENNAI, MALE",MALDIVES,MALE,HEMVER,COMILLA,SADAR DOSKHIN,"THAKURGONE, DHAKA"
"CHENNAI, MALE",MALDIVES,MALE,NA,COMILLA,KATOALI,"TITAS, COMILLA"
"CHENNAI, MALEY",MALDWIP,MALEY,MALEY,COMILLA,DAOTKANDI,"PANCHRUKHI, ARAIHAZAR, NARAYANGONJ"
"CHENNAI, MALEY",MALDWIP,DON'T KNOW,DON'T KNOW,COMILLA,BARRA,"PANPACIFIC HOTEL , DHAKA"
"CHENNAI,KOLKATA",INDIA,KOLKATA,NA,COMILLA,CHOUDDOGRAM,"DHAKA, TANGAIL"
"CHENNAI,MALDIV",MALDIV,MALE,NA,COMILLA,KATOALI,"RAJAPUR, CHANDPUR"
"CHENNAI,MALEY",MALDIVES,MALEY,FILITHEW,COMILLA,MURADNAGAR,"DHAKA,SAVAR"
"CHENNAI,MALEY",MALDIVES,MALEY,HIMBAREK,COMILLA,BRAHMANPARA,"TOMSOMBRIDGE, COMILLA, UTTARA, DHAKA"
"CHENNAI,MALEY",MALDIVES,DON'T KNOW,DON'T KNOW,COMILLA,KATOALI,"TONGI GAZIPUR,KALIHATHI TANGAIL"
"CHENNAI,MALEY",MALDIVES,MALEY,MALEY,COMILLA,DEIDDAR,"TONGI,GAZIPUR"
"CHINA,JAPAN",JAPAN,TOKYO,OWABISHI,COMILLA,COMILLA SADAR,"DHAKA, TANGAIL"
"Chittagang, Maskat",Oman,Maskat,Salala,COMILLA,BARORA,NA
"Chittagang, Maskat",Oman,Maskat,Rustak,COMILLA,CHANDINA,NA
"Chittagang, Maskat",Oman,NA,Kabura,COMILLA,BURICHANG,NA
"CHITTAGOGG,ABUDHABI",UAE,ABUDHABI,AL-SALAM CITY,COMILLA,DAUDKANDI,DHANMANDHI DHAKA
CHITTAGONG,OMAN,DON'T KNOW,DON'T KNOW,COMILLA,KOTOYALI,Dhaka
"CHITTAGONG, ABUDHABI",UAE,ABUDHABI,MINASTORE,COMILLA,TITAS,"DHAKA, CHITTAGONG, JESSORE, BHRAMMAN BARIA"
"Chittagong, Abudhabi",UAE,Abudhabi,Baniyas,COMILLA,CHADDAGRAM,"DHAKA, SYLHET, TANGAIL, NARSHINDI, BIKROMPUR"
"Chittagong, Doha",Qatar,Doha,National,COMILLA,COMILLA SOUTH SADAR,Manikganj
"Chittagong, Doha, Dubai",UAE,Dubai,Al Kurs,COMILLA,CHANDINA,"MAMUDABAD,BHAIRAB"
"Chittagong, Doha, Dubai",UAE,Abudhabi,Baniyas,COMILLA,TITAS,"MANIKDI,DHAKA"
"Chittagong, Doha, Dubai",UAE,Dubai,Sonapur,COMILLA,MURADNAGAR,"MANIKDI,DHAKA"
"Chittagong, Doha, Dubai",UAE,Dubai,Sonapur,COMILLA,BURICHANG,Manikganj
"CHITTAGONG,JEDDAH",KSA,JEDDAH,SANAYA,COMILLA,COMILLA,"NABINAGAR,DHAKA,JESSORE"
"CHITTAGONG,MASCAT",OMAN,ROSTAK,AWARI,COMILLA,TITAS,"Munshiganj, Gojariya"
"CHITTAGONG,MUSCAT",OMAN,DON'T KNOW,DON'T KNOW,"COMILLA,",CHANDINA,Dhaka
"CHITTAGONG,MUSCAT",OMAN,MUSCAT,ISMAIL,"COMILLA, BAMANPARA",NA,"NABINAGAR, B- BARIA"
"CHITTAGONG,MUSCAT",OMAN,MUSCAT,ISMAIL,"COMILLA, BAMANPARA",BARURA,"NABINAGAR, B-BARIYA, KHILKHFET, DHAKA"
"CHITTAGONG,MUSCAT",OMAN,MUSCAT,NA,COX'S BAZAR,SHADARTHANA,NARAYANGANJ
COLOMBA,SRILANKA,GALLE,GALLE,DHAKA,MIRPUR,"KAFRUL, DHAKA"
COLOMBO,SHREELANKA,FCOLOMBO,COLOMBO,DHAKA,DHAKA,Dhaka City
COLOMBO,SRILANKA,GALLE,GALLE,DHAKA,NOBABGONJ,"KAPASIYA, GAZIPUR, UTTARA, DHAKA"
"Colombo, Bahrain",Bahrain,NA,NA,DHAKA,NABABGANJ,"Kerraniganj, Dhaka"
"COLOMBO, BAHRAIN",BAHRAIN,DON’T KNOW,DON’T KNOW,Dhaka,Nobabganj,"KHULNA, DHAKA"
"Colombo, Maskat",Oman,Maskat,Rizua,DHAKA,GULSHAN,"KHAJURA,JESSORE"
DAMDAM,INDIA,KOLKATA,KOLKATA,DHAKA,BANANI,"DHAKA, KISHOREGANJ"
DAMDAM,INDIA,KOLKATA,BARASHA,Dhaka,Gulshan,Narayonganj
DAMMAM,KSA,DAMMAM,BADIA,DHAKA,GULSHAN,"BIJOYNAGAR, B- BARIYA"
Dammam,KSA,Dammam,Siku,DHAKA,SHABUJBAG,"COX'S BAZAR,MOTIJHEEL DHAKA"
DAMMAM,SAUDIARABIA,DAMMAM,AL-KHUBAR,Dhaka,Gulshan,DHAKA
Dammam,KSA,Dammam,NA,Dhaka,Gulshan,DHAKA
DAMMAM,KSA,JUBAIL BRANCH,KORCHANAIA,DHAKA,UTTARA,"KAKRAIL,DHAKA,HOMNA, COMILLA"
DAMMAM,SAUDIARAB,ALCOVER,RAKHA,DHAKA,UTTARA,"KASHBA, B- BARIA, ASHKONA, DHAKA"
Dammam,KSA,Dammam,Tubba,DHAKA,FARMGATE,"MIRPUR, DHAKA"
DAMMAM,SAUDI ARABIA,DAMMAM,AL-KHOBAR,DHAKA,UTTARA,"MOHAKHALI,DHAKA, SINGAIR,MANIKGONJ"
DAMMAM,SAUDI ARABIA,ABA,MAOYAI,DHAKA,MIRPUR-6,"MOHAKHALI,DHAKA,NARSHINGDI,MADHOBDI,COMILLA SHADAR, NABINAGAR,B.BARIA"
DAMMAM,SAUDIARABIA,DAMMAM,KABAR,DHAKA,TEJGAON,"MUKSUDPUR, GOPALGONJ"
DAMMAM,SAUDIARABIA,DAMMAM,KABAR,DHAKA,BARIDHARA,Munshiganj
DAMMAM,SAUDIARABIA,AL AKHSA,BOLODIA HABUK,DHAKA,ADABOR,"MUNSHIGANJ, DHAKA"
DAMMAM,SAUDIARABIA,DAMMAM,KOBAR,DHAKA,MOHAMMADPUR,"Mymensing, Dhaka"
DAMMAM,SAUDIARABIA,DAMMAM,KHUDURIA,DHAKA,KALABAGAN,MYMENSINGH
Dammam,KSA,Dammam,Siyad,DHAKA,DHANMONDI,NA
Dammam,KSA,Dammam,91,DHAKA,BANGSHAL,NA
DAMMAM,KSA,DAMMAM,KHATIB,DHAKA,NIKUNJA,"SHABUJBAG,DHAKA"
DAMMAM,KSA,DAMMAM,KHOBER,DHAKA,MIRPUR,"SHADAR,NARSHINGDI"
DAMMAM,SAUDIARAB,AL- KHOBAR,AL- KHOBAR,DHAKA,RAMNA,"SHARIYATPUR, DHAKA"
DAMMAM,KSA,NAJRAN,MAFRAKHAMIJ,DHAKA,MIRPUR,"UTTARA,BAIPAL"
"Dammam, Doha",KSA,Dammam,Rasel Khayer,DHAKA,WARI,"JESSORE, DHAKA"
"DAMMAM, NAGRAN",SAUDIA ARABIA,NAGRAN,HOZENIA,DHAKA,PALLABI,"MIRPUR, DHAKA"
"DAMMAM, NEJRAN",SAUDIARAB,NEJRAN,GOAILLA,DHAKA,WARI,"Sherpur, Dhaka"
"Dammam, Riyad",KSA,Riyad,Bata,DHAKA,DHANMANDHI,NA
"DAMMAM,JEDDAH",KSA,JEDDAH,NA,DHAKA,RAMNA,"MOHAKHALI DHAKA,BHANGURA PABNA"
"DAMMAM,JEDDAH",SAUDIARABIA,MAKKAH,DON'T KNOW,DHAKA,NA,"NOAKHALI,DHAKA"
"DAMMAM,JIJAN",SAUDIARABIA,JIJAN,ABUAIN,DHAKA,DHANMONDI,"Noakhali, Lakshmipur"
"DAMMAM,MADINA",KSA,MADINA,MADINA,DHAKA,DHANMONDI,"VAIROB,KISORGONJ"
"DAMMAM,RIAD",SAUDIARABIA,RIAD,ALKASIM,DHAKA,KHILGAO,MYMENSINGH
DAMMAM-K.S.A,K.S.A,DAMMAM,JUBAIL,DHAKA,GULSHAN,"DEBIDDER, COMILLA"
DAMMAM-K.S.A,KSA,DAMMAM,AL-KHUBAR,DHAKA,GULSHAN,MOHAKHALI DHAKA
DELHI,INDIA,DELHI,NA,DHAKA,MIRPUR,"DEBDAI,COMILLA"
DELHI,INDIA,DELHI,KAMIA,DHAKA,BASHUNDARA,"DHANMONDI,DOHS,MIRPUR,DHAKA"
DELHI,INDIA,DELHI,SOUTH,DHAKA,MONIRAMPUR,"KUSTIA,BAGURA"
DELHI,INDIA,DELHI,MAIL GALI,DHAKA,BASHUNDHARA,"Moulvibazaar, Sylhet"
DELHI,INDIA,DELHI,KOROLBAGH,DHAKA,TEJGAON,"Pangsha, Narayonganj, Dhaka"
DELHI,KENEYA,DON'T KNOW,DON'T KNOW,Dhaka,Uttara,"PATENGA, CHITTAGONG"
DELHI,INDIA,DELHI,KORULBAGH,DHAKA,NA,"RAJBARI,TANGAIL"
DELHI,INDIA,DELHI,DWARKA,DHAKA,BONGSHAL,"RAJSHAHI TOWN, DHAKA"
DELHI,INDIA,GURGAON,CIBERCITY,DHAKA,SHAMPUR,"RAMGANJ,LUXMIPUR"
DELHI,INDIA,DELHI,AIMS HOSPITAL AREA,Dhaka,Gulshan,"SAKHIPUR,TANGAIL"
DELHI,INDIA,DELHI,ANANDA NAGAR,DHAKA,CANTONMENT,"SIDDIRGANJ,NARAYANGANJ"
DELHI,INDIA,DELHI,AJMIRSHARIF,DHAKA,SHAMPUR,"SINGAIR, MANIKGONJ"
DELHI,INDIA,DELHI,KOROLBAG,DHAKA,SAVAR,"ULLAPARA, SHIRAJGONJ.ASHKONA,DHAKA"
DELHI,INDIA,PANJAB,AMRETSAR,Dhaka,Uttara,UTTARA DHAKA
DELHI,INDIA,DELHI,KOROLBAG,DHAKA,MOGBAZAR,UTTARA DHAKA
DELHI,INDIA,DELHI,DELHI,DHAKA,DOHAR,"UTTARA,DHAKA"
"DELHI, ABUDHABI",UAE,ABUDHABI,SHAHAMA,DHAKA,KAFRUL,"MEDICAL, HOBIGONJ. JATRABARI, DHAKA."
"DELHI, BAHRAIN, ABUDHABI",UAE,ABUDHABI,HAMIM,DHAKA,KAFRUL,"MEGHNA, COMILLA"
"DELHI, DAMMAM",SAUDI ARABIA,DAMMAM,DON’T KNOW,DHAKA,DHANMONDI,"MIRPUR ,MOHAKHALI DHAKA,PANGSHA RAJBARI"
"DELHI, DAMMAM",SAUDI ARABIA,DON’T KNOW,DON’T KNOW,DHAKA,DHANMANDHI,MIRPUR DHAKA
"DELHI, RIYADH",SAUDIARAB,HAIL,HAIL,DHAKA,DHANMONDI,"MANIKGANJ,SAVAR,DHAKA"
"DELHI,DAMMAM",KSA,DAMMAM,NA,DHAKA,NA,Manikganj
"DELHI,DOHA",QATAR,AL-KHAR,SANAYYA,DHAKA,SHABOJBAG,"POLTAN,DHAKA"
"DELHI,KENYA",KENYA,DON’T KNOW,DON’T KNOW,DHAKA,NAWABGONJ,"MOHIPAL,FENI"
"DELHI,QATAR",QATAR,DOHA,NA,DHAKA,GULSHAN,DHAKA
"DHAAKA, LONDON",ENGLAND,LONDON,BEDFORD,DHAKA,GULSHAN,"SHARIOTPUR,DHAKA"
"DHAKA, KOLKATA, KATHMUNCU, KUNMING, SHANGHAI, VANCUVER",CANADA,TORENTO,NA,DHAKA,KOTOYALI,"KHULNA, NORAIL, DHAKA"
"Dillhi, Dammam",KSA,Dammam,NA,DHAKA,PALLOBI,"Tangail, Gazipur"
"Dillhi, Qatar",Qatar,Doha,NA,DHAKA,ADABOR,"DAHKA,B.BARIA"
"DILLI,DOHA",QATAR,ESKANGROW,DON'T KNOW,DHAKA,UTTARA,Dhaka
DOBAI,DOBAI,DEIRCA,QASSIS,DHAKA,GULSHAN,BRAHMANBARIA
"DOBAI,BAGDAD",IRAQ,DON’T KNOW,DON’T KNOW,DHAKA,PALLABI,DHAKA
"DOBAI,BASHRA",IRAQ,BASHRA,BASHRA,DHAKA,RAMPURA,DHAKA
"DOBAI,BASHRA",IRAQ,BASHRA,BASHRA,DHAKA,DEMRA,DHAKA
"DOBAI,MASCUT",Oman,Salala,Near Rawal Masjid,Dhaka,Hajaribag,"ADABOR, DHAKA"
Doha,Quatar,Doha,Matar Kadim,DHAKA,RAMPURA,"AMBORKHANA, SYLHET, MOULVIBAZAR"
Doha,Qatar,NA,NA,Dhaka,Romna,"B.BARIA,DHAKA"
Doha,Qatar,Doha,NA,DHAKA,UTTARA,"BABONKHALI, SATKHIRA"
Doha,Qatar,Doha,Nujil,DHAKA,GULSHAN,"BARISHAL,DHAKA"
DOHA,QATAR,AL-JAHARA,AL-JAHARA,DHAKA,SAHALI,BOGRA
DOHA,QATAR,SAHANIYA,NA,DHAKA,NAWABGONJ,CHITTAGONG
DOHA,QATAR,RAJLAPAN,RAJLAPAN,DHAKA,JATRABARI,Comilla
DOHA,QATAR,SOMAL,SOMAL,DHAKA,UTTARA,DHAKA
DOHA,QATAR,RAIYAN,RAIYAN,DHAKA,SHANTINAGAR,"DHAKA, COMILLA"
DOHA,QATAR,DOHA,PETROLPUMP,DHAKA,MIRPOR,"DHAKA, MANIKGANJ"
DOHA,QATAR,DOHA,DOHA CITY,DHAKA,DHANMONDI,"DUMURIYA,KHULNA,ABDULLAHPUR,DHAKA"
DOHA,QATAR,AL-HELAL,NA,DHAKA,BADDA,GAZIPUR
Doha,Qatar,Doha,National,DHAKA,RAMONA,"GULSHAN, BANANI DAHAKA"
DOHA,QATAR,DOHA,NA,DHAKA,DOHAR,"GULSHAN,DHAKA"
DOHA,QATAR,DOHA,DON'T KNOW,DHAKA,VATARA,"HORINAKUNDA,JHINAIDAH,KUSHTIA ,SADAR"
DOHA,QATAR,DOHA,DON'T KNOW,DHAKA,GULSHAN,"JAFLONG ,SYLHET,MIRJAPUR,TANGAIL"
Doha,Qatar,Doha,Rohen Kadim,Dhaka,Pallabi,"JESSORE, DHAKA"
Doha,Qatar,Doha,National,DHAKA,SHYAMOLI,"JESSORE,DHAKA"
DOHA,QATAR,DON'T KNOW,DON'T KNOW,DHAKA,SAVER,"JOKIGONJ, SYLHET"
DOHA,QATAR,DOHA,DAFNA,DHAKA,HAZARIBAG,"KAKRAIL,DHAKA,HOMNA;COMILLA"
Doha,Qatar,Doha,NA,DHAKA,SUTRAPUR,MOHAMMADPUR
DOHA,QATAR,DOHA,MUBALINA,DHAKA,SUTRAPUR,"MOHAMMADPUR, DHAKA"
DOHA,QATAR,DOHA,KHARATI,DHAKA,KERANIGANJ,"MOHAMMADPUR, DHAKA"
DOHA,QATAR,DOHAN RUT,SHAHANIYA,DHAKA,BADDA,"MOHAMMADPUR, DHAKA"
DOHA,QATAR,DOHA,SARMUSHAREF,DHAKA,UTTARA,"MOHAMMADPUR,MAGURA"
DOHA,QATAR,DOHA,NA,DHAKA,PANTHAPATH,"MOHIPAL, FENI, CHOWDDAGRAM. COMILLA"
DOHA,QATAR,DOHA,SANAYA,DHAKA,RAMNA,MOLVIBAZAR
DOHA,QATAR,DOHA,MOKLINA,DHAKA,DHANMONDI,"MOLVIBAZAR,SYLHET,UTTARA DHAKA"
DOHA,QATAR,DOHA,SUKHPALA,DHAKA,MIRPUR,"MONOHORDI, NARSHINGDI, ABDULLAHPUR, DHAKA"
DOHA,QATAR,MADINA KHALIPHA,NA,DHAKA,KALABAGAN,MONSHIGANJ
DOHA,QATAR,ALFADN,NAZMA,DHAKA,KHILGONE,MONSHIGANJ
DOHA,QATAR,DOHA,MAZEAR,DHAKA,SAVAR,"MOTIJHEEL DHAKA,TONGIGAZIPUR,NARAYANGONJ"
DOHA,QATAR,CHANIA,COMMERCIAL AREA 47,DHAKA,UTTARA,MOULAVIBAZAR
"Doha, Abudhabi",UAE,Abudhabi,Salamcity,DHAKA,MIRPUR,"CHANDPUR,DHAKA"
"Doha, Abudhabi",UAE,Abudhabi,Baniyas,DHAKA,POLOTON,"CHANDPUR,DHAKA"
"Doha, Abudhabi",UAE,Abudhabi,Musaffa,DHAKA,LALBAGH,"CHANDPUR,MUNSHIGONJ,NARAYANGONJ,DHAKA"
"Doha, Abudhabi",UAE,Abudhabi,Alail,DHAKA,DHANMONDI,Comilla
"DOHA, ABUDHABI",UAE,ABUDHABI,MARKO,DHAKA,GULSAN,"ESKATON, DHAKA, BEGUMGONJ, NOAKHALI"
"DOHA, ATHENS",GREECE,KALABRITA,KALABRITA,DHAKA,UTTARA,DHAKA
"DOHA, ATHENS",GREECE,ATHENS,ATHENS,DHAKA,UTTARA,Dhaka
"Doha, Balagas",Spain,Valencia,Valencia,DHAKA,SAVAR,"BASAIL, TANGAIL, MOHAKHALI, DHAKA"
"Doha, Barselona",Spain,Barselona,Marina,DHAKA,ADABOR,DHAKA
"DOHA, BEIRUT",LEBANON,BAIRUT/ZAHLA,DOBAYI/FEYD,DHAKA,DHANMANDHI,KISHOREGANJ
"Doha, Brussels",Belgium,Brussels,Lebon,DHAKA,DHANMANDHI,"AKHALIA,SYLHET"
"DOHA, BRUSSELS",BELGIUM,BRUSSELS,NA,DHAKA,TEJGONE,"BANCHARAMPUR, BHRAMMANBARIYA"
"DOHA, CHIKAGO, MINNEAPOLIS",USA,MINNEAPOLIS,MSP,DHAKA,RAMNA,"BAGBARI, SYLHET"
"DOHA, COPENHEGEN",DENMARK,COPENHEGEN,CENTRE,DHAKA,SAVAR,"BANCHARAMPUR,B.BARIA"
"Doha, Dammam",KSA,Dammam,91 Camp,DHAKA,LALBAG,DHAKA
"Doha, Dammam",KSA,Dammam,Al Katik,DHAKA,GULSHAN,DHAKA
"Doha, Dammam",KSA,Dammam,Khoyab,Dhaka,Gulshan,DHAKA
"Doha, Dammam",KSA,Dammam,Kharjan,DHAKA,DOHAR,"KHILGOAN DHAKA,SHARSHA JESSORE"
"DOHA, DARUS SALAM (TANZANIYA)",TANZAYA,DARUS SALAM,NA,DHAKA,NAWABGANJ,"HOIGONJ,MAULOVIBAZAR,DHAKA"
"DOHA, DARUS SALAM (TANZANIYA)",TANZAYA,DARUS SALAM,NA,DHAKA,DOHAR,"HOMNA,COMILLA"
"DOHA, DENMARK",DENMARK,COPENHEGEN,NA,DHAKA,NABABGANJ,FARIDPUR
"DOHA, DUBAI","DUBAI,",SHARJAH,TOYOTA SHOWROOM,Dhaka,Mirpur-1`,"JAMALPUR, DHAKA"
"DOHA, DUBAI","DUBAI,",DUBAI,ABIR,DHAKA,NORTH KAFRUL,"JATRABARI,DAUDKANDI,DHAKA,COMILLA"
"DOHA, ENTEBBE, UGANDA",UGANDA,KAMPALA,SALAMA,DHAKA,ADABOR,B.Baria
"DOHA, FRANKFURT",GERMANY,MANNHEIM,MANNHEIM,DHAKA,SHAJAHANPUR,Comoilla
"DOHA, ISKANDARIYA, TRIPOLY",LIBIYA,TRIPOLY,NA,DHAKA,VATARA,"DAUDKANDI,COMILLA"
"DOHA, JAFK",USA,PENISILVINIA,NORISTWN,DHAKA,DHANMANDHI,"Chittagong, Norshingdi, Comilla, Dhaka"
"DOHA, JENEVA,LISBON",PORTUGAL,LISBON,BENFORMOS,DHAKA,MIRPUR,"CHITTAGONG,CHUDDAGRAM,MIRPUR,KHILGAON,DHAKA"
"DOHA, MANCHESTER",UK,MANCHESTER,MANCHESTER,DHAKA,MIRPUR,"BANCHARAMPUR, B- BARIYA"
"Doha, Manstar",England,Olddan,Co office,DHAKA,GULSHAN,BARISAL
"Doha, Maskat",Oman,Maskat,Rui,DHAKA,UTTARA,"KERANIGONJ, DHAKA"
"DOHA, MILANO",ITALY,MILANO,MILANO,DHAKA,KADAMTALI,"BHAIROB,BRAHMANBARIA,DHAKA"
"DOHA, MONTREAL",CANADA,MONTREAL,NA,DHAKA,RAMPURA,Bogra
"DOHA, MUSKAT",OMAN,MUSKAT,NA,DHAKA,UTTARA,CHITTAGONG
"Doha, NewYork",USA,NewYork,Quieens,DHAKA,DHANMONDI,Khulna
"Doha, Paris",France,Paris,Garehes Marnlaquaqay,DHAKA,KALABAGAN,"KHILGAON DHAKA,DAUDKANDI COMILLA"
"DOHA, QATAR",QATAR,DOHA,MADARKADIM,DHAKA,DHANMONDI,CHADPUR
"DOHA, QATAR",QATAR,DOHA,DON’T KNOW,DHAKA,WARI,Motlob
"Doha, Riad",Saudi Arabia,Riad,Olia,DHAKA,UTTARA,"AMTOLA, BARGUNA, ASKONA, DHAKA"
"Doha, Riad",KSA,Riyad,Akika,Dhaka,Dhanmondi,DHAKA
"DOHA, ROME",ITALY,ROME,TUSKOLONA,Dhaka,Golapbag,CHITTAGONG
"DOHA, SAUDI",SAUDI ARABIA,RIYAD,NEW SANAIYA,DHAKA,KERANIGONJ,"BANANI,GULSHAN,DHANMONDI,UTTARA,DHAKA"
"Doha, Tehran - Khomeni",Iran,Tehran,NA,DHAKA,MIRPUR,"BASHUNDARA,DHAKA"
"DOHA,ABUDHABI",UAE,ABUDHABI,MINA PORT,DHAKA,MOHAMMADPUR,"BIKRAMPUR, MUNSHIGONJ, SADAR, SYLHET, SUNAMGONJ"
"DOHA,ABUDHABI",UAE,ABUDHABI,MUSAFFA,DHAKA,KHILKHAT,"COMILLA,DHAKA"
"DOHA,ABUDHABI",UAE,ROHIS,GIASI,DHAKA,GULSHAN,"KANAIGHAT, SYLHET"
"DOHA,ABUDHABI",UAE,ROHIS,GIASI,DHAKA,MIRPUR,"KANDAPARA, JAMALPUR. SHAHJADPUR, DHAKA."
"DOHA,ABUDHABI",UAE,REMAILEN,MUSAFFA,Dhaka,Badda,"KATA KHALI,RAJSHAHI"
"DOHA,BAHRAIN",BAHRAIN,ABBASH,ABBASH,DHAKA,MOHAMMADPUR,DHAKA
"DOHA,BEIROT",LEBANON,BEIROT,SAGBIN,DHAKA,KHILGAON,"JOYPURHAT, KALAI"
"DOHA,BEIROT",LEBANON,TIRABURUJ,MIJLAYA,DHAKA,WARI,"KACHUA,CHADPUR,MUNSFBARI,COMILLA"
"DOHA,BEIROT",LEBANON,DON'T KNOW,DON'T KNOW,DHAKA,GULSHAN,"KACHUA,CHANDPUR,MOTIJHEEL,DHAKA"
"DOHA,BEIRUT",LEBANON,ABRA,DON'T KNOW,DHAKA,MIRPUR,"FENI,DHAKA"
"DOHA,BEIRUT",LEBANON,BEIRUT,JOUNES,DHAKA,SUTRAPUR,"JATRABARI,GANDARIA DHAKA,LAKSMIPUR"
"DOHA,BEIRUT",LEBANON,KAMLEOUSE,DON'T KNOW,DHAKA,MOHAMMADPUR,"Kapashia, Gazipur"
"DOHA,CHICAGO",CANADA,CHICAGO,HYDE PARK,DHAKA,DHANMONDI,"KAMRANGICHAR DHAKA,BORHANUDDIN BHOLA"
"DOHA,DAMMAM",KSA,DAMMAM,AL-KHUBAR,DHAKA,BADDA,"KATUALI,COMILLA,BARIDHARA,DHAKA"
"DOHA,DAMMAM,KATHMANDU",KSA,DAMMAM,NA,DHAKA,BADDA,"FENI, DHAKA"
"DOHA,DOBAI",UAE,DUBAI,JOBAR ALI,DHAKA,BANANI,"DINAJPUR,THAKURGAON,JOYPURHAT,BOGRA,TANGAIL"
"DOHA,DOBAI",UAE,DOBAI,JABER ALI,DHAKA,GULSHAN,DOHAR DHAKA
"DOHA,GENEVA",FRANCE,ANNECY,NA,DHAKA,TEJGAON,CHITTAGONG
"DOHA,GENEVA",SWITZERLAND,GENEVA,NA,DHAKA,RAMPURA,DHAKA
"DOHA,GENEVA",SWITZERLAND,GENEVA,AMALI,DHAKA,SHAJAHANPUR,"FENI,DHAKA"
"DOHA,HATRO",ENGLAND,LONDON,HALLAM STREET,DHAKA,ASHULIA,"BADDA, DHAKA, NARAYANGONJ, SADAR"
"DOHA,HEATHROW",ENGLAND,BIRMINGHUM,BIRMINGHUM,DHAKA,UTTARA,"BEGUMGONJ, NOAKHALI"
"DOHA,ISTAMBUL",TURKEY,ISTAMBUL,ISTAMBUL,DHAKA,UTTARA,"BRAHMANBARIA,GAZIPUR"
"DOHA,ISTANBUL",TURKEY,ISTANBUL,NA,DHAKA,UTTARA,CHADDOGRAM COMILLA
"DOHA,JFK",USA,NEWYORK,NA,DHAKA,BADDA,"BADDA,DHAKA"
"DOHA,KUWAIT",KUWAIT,JABRIA,JABRIA,DHAKA,RAMPURA,"BHRAMMAN BARIYA, DHAKA"
"DOHA,MASCOT",OMAN,MASCOT,SALALA,DHAKA,MOHAMMADPUR,"GULSHAN,DHAKA"
"DOHA,MODINA",KSA,MODINA,NEARBY KABA MOSQUE,DHAKA,MIRPUR,"DHANMONDI, DHAKA"
"DOHA,MUSKAT",OMAN,MUSKAT,DON’T KNOW,DHAKA,VATARA,Chandpur
"DOHA,QATAR",LEBANON,BEIRUT,ASHRAFI,DHAKA,MIRPUR,"BADSHAMIAH ROAD, CHITTAGONG"
"DOHA,QATAR",QATAR,SANAYYA,SANAYYA,DHAKA,SHER-E-BANGLANAGAR,"GULSHAB, DHAKA"
"DOHA,RIYADH",KSA,RIYADH,RIYADH,DHAKA,KERANIGANJ,"Bikrompur, Dhaka"
"DOHA,RIYADH",KSA,ALKARIS,ALKARIS,DHAKA,UTTARA,DHANMANDHI DHAKA
"DOHA,WASHINGTON",USA,WASHINGTON,"VARGINA,ARLINTON",DHAKA,GULSHAN,"BADDA,DHAKA"
"DOHA,WASHINGTON DC",USA,STEVLING,DON'T KNOW,DHAKA,BHATERA,DHAKA
"Dombe, Dammam",KSA,Dammam,Osman Bin Afnan Street,DHAKA,MIRPUR,MOHAMMADPUR
"DUAI,OMAN",OMAN,DON'T KNOW,DON'T KNOW,DHAKA,DHANMONDI,DHAKA
DUBAI,UAE,DUBAI,TEZONY,DHAKA,DEMRA,"BANANI,DHAKA,CHAKKRABORTY,GAZIPUR"
DUBAI,DUBAI,ALGUSIS,NA,DHAKA,UTTARA,"CANTONMENT, COMILLA, MIRSARAI, CHITTAGONG"
DUBAI,UAE,ALAEN,QATRA,DHAKA,GULSAN,"Chandina, Comilla"
DUBAI,UAE,ABUDHABI,BANIAS,DHAKA,UTTARA,CHANDPUR
Dubai,UAE,Sarjah,No2- Khana,Dhaka,Gendaria,DHAKA
Dubai,UAE,Dubai,Alnada,Dhaka,Lalbag,Dhaka
DUBAI,UAE,ABUDHABI,YASISALEN,DHAKA,TEJGONE,DHAKA
DUBAI,UAE,SARJAH,SAMNAN,DHAKA,KALABAGAN,Dhaka
DUBAI,"DUBAI,",SONAPUR,MUHESHNA,DHAKA,UTTARA,"Dhaka, Chittagong"
DUBAI,DUBAI,ALKUS,NA,DHAKA,TATIBAZAR,FENI
DUBAI,UAE,AL MADAM,AL MADAM,DHAKA,DON'T KNOW,"FENI SADAR,RAMPURA DHAKA"
DUBAI,UAE,DON'T KNOW,DON'T KNOW,DHAKA,PALTAN,"FENI, DHAKA"
DUBAI,UAE,DUBAI,JABER ALI,DHAKA,UTTARA,"HATHAZARI, CHITTAGONG"
DUBAI,UAE,DUBAI,GESES SONAPUR,DHAKA,TEJGAON,"HOMNA,COMILLA,SHANIR AKHRA,DHAKA"
Dubai,UAE,Diubai,Naderama,DHAKA,DHANMONDI,"JESSORE,DHAKA CANTONMENT"
Dubai,UAE,Sarjah,Jed,DHAKA,MIRPUR,"JESSORE,MAGORA,DHAKA"
DUBAI,UAE,SHARJAH,DABLEKULA,DHAKA,POLLABI,JOGONNATHPUR
Dubai,UAE,Dubai,Fojira,DHAKA,HAZARIBAG,"LAXMIPUR, DHAKA, RAMGATI"
DUBAI,UAE,SHARJAH,ALZAN,DHAKA,DHAKA CANTONMENT,"Madaripur, Narayonganj, Comilla"
DUBAI,DUBAI,DUBAI,DRYDOX,DHAKA,NAWABGANJ,"Manikganj, Dhaka"
DUBAI,DUBAI,RASEL KAIMA,NAKHIL,DHAKA,NAWABGANJ,"MANIKGANJ, DHAKA"
DUBAI,DUBAI,KHURSHED ALAM,BITIPARA,DHAKA,SAVAR,"MANIKGANJ,MOHAKHALI,DHAKA"
DUBAI,"DUBAI,",ALKAS,ALKAS,DHAKA,VATARA,"MATIJHEEL,DHAKA,MADARIPUR"
DUBAI,"DUBAI,",ALKAS,ALKAS,DHAKA,DOKKHIN KHAN,MAULOVI BAZAR
DUBAI,"DUBAI,",ALKAS,ALKAS,DHAKA,KERANIGONJ,"MAWNA, SHREEPUR, GAZIPUR, VALUKA, MYMENSINGH"
DUBAI,UAE,DUBAI,DRYDOCKS,DHAKA,MOHAMMADPUR,MEHERPUR
DUBAI,UAE,ABUDHABI,SHILA,DHAKA,UTTARA,"MIRJAPUR,TANGAIL"
DUBAI,UAE,DUBAI,PARKU,DHAKA,NOWABGONJ,"MIRPUR , DHAKA"
DUBAI,UAE,DIRA,DIRA CITY,DHAKA,RAMPURA,MIRPUR DHAKA
DUBAI,UAE,DUBAI,INTERNATIONAL CITY,DHAKA,KAFRUL,MIRPUR DHAKA
Dubai,UAE,Sarjah,NA,DHAKA,NABABGANJ,"MIRPUR, BASHUNDHARA, DHAKA"
DUBAI,UAE,DUBAI,ALKUS,DHAKA,UTTARA,"NOAKHALI,DHAKA"
DUBAI,UAE,DUBAI,SUNAPUR,DHAKA,DOHAR,"NOBABGONJ,DOHAR,DHAKA,NARAYANGONJ"
DUBAI,UAE,ABUDHANBI,ELECTRA ROAD,DHAKA,MITFORD,"NORSHINDI, DHAKA"
DUBAI,DUBAI,ABUDHABI,AIKAT,DHAKA,LALBAIK,"NOWABGONJ,DHAKA"
DUBAI,DUBAI,DUBAI,SONAPUR,DHAKA,KERANIGONJ,Pabna
DUBAI,DUBAI,MUSAFFA,MUSAFFA,DHAKA,NOWABGONJ,"PABNA,DHAKA"
DUBAI,UAE,DUBAI,JOBOL ALI DIB-1,DHAKA,MOHAMMADPUR,"PABNA,DHAKA,RAJSHAHI"
DUBAI,UAE,DUBAI,SUNAPUR,DHAKA,MOHAMMADPUR,"PAKUNDIA,KISURGONJ"
DUBAI,UAE,DUBAI,JOBOL ALI DIB-1,DHAKA,BADDA,"PALASH, NARSHINGDI"
DUBAI,UAE,DUBAI,SUNAPUR,DHAKA,NA,"PALLABI, DHAKA"
DUBAI,UAE,ABUDHABI,BANIAS,DHAKA,MIRPUR,"PALLABI, DHAKA"
DUBAI,DENMARK,KUM,KUM,DHAKA,KOLABAGAN,"SHAJAHANPUR, DHAKA"
DUBAI,UAE,ABUDHABI,MINA,DHAKA,PALLABI,"TANGAIL,DELDOWAR"
DUBAI,UAE,DUBAI,JABERELI PARK,DHAKA,KAFRUL,"TANGAIL,DHAKA"
DUBAI,UAE,DUBAI,JABERELI,DHAKA,BONGSHAL,"TANGAIL,DHAKA"
DUBAI,DUBAI,MUSAFFA,MUSAFFA,DHAKA,DEMRA,"TANGAIL,DHAKA"
"DUBAI,",UAE,ASMA,ASMA,DHAKA,SAVAR,DHAKA
"DUBAI,  ZURICH, DOHA, KARACHI",PAKISTAN,KARACHI,NA,DHAKA,NABABGANJ,FARIDPUR
"Dubai, Aba",KSA,Aba,Alnamas,DHAKA,KERANIGONJ,DHAKA
"Dubai, Bagdad",Iraq,Bagdad,NA,DHAKA,NEW UTTARA,"Dakkhin Surma, Sylhet"
"Dubai, Bagdad",Iraq,Bagdad,NA,DHAKA,MOHAMMADPUR,"DAMUDDA SHARIATPUR,UTTARA DHAKA"
"Dubai, Dammam",KSA,Dammam,Jubail,DHAKA,ROMNA,"BORAB,TARAB,NARAYANGONJ"
"DUBAI, DAMMAM",SAUDIARAB,DAMMAM,TOYOTA,DHAKA,"MANKDI,CANTONMENT",DHAKA
"DUBAI, DAMMAM",SAUDIARAB,DAMMAM,91AREA,DHAKA,"MANIKDI,CANTONMENT","MIRPUR,DHAKA"
"DUBAI, HEATHRA",WALS,CARDIFF,DON'T KNOW,Dhaka,Uttara,"KULAURA, MOULOVIBAZAR"
"Dubai, Heathrow",UK,London,Sulton,DHAKA,DHANMONDI,"BONGSHAL,DHAKA"
"DUBAI, KABUL",AFGANISTAN,KABUL,13 DISTRICT,DHAKA,GULSHAN,"HAZICAMP,SHERPUR,\DHAKA"
"DUBAI, KUWAIT",KUWAIT,KHOYANIYA,MURGAR,DHAKA,DHANMONDI,"MAGBAZAR,DHAKA"
"Dubai, London",UK,London,NA,DHAKA,KODOMTOLI,GULSHAN
"Dubai, Maskat",Oman,Maskat,Ajura,DHAKA,MIRPUR,"JHIKOREGACHHA, JESSORE, FARMGATE, DHAKA"
"Dubai, Maskat",Oman,Maskat,Ain Khaled,DHAKA,KAFRUL,"JHIKORGACHHA,JESSORE,SHAJAHANPUR,DHAKA"
"DUBAI, MUSCAT",OMAN,DON'T KNOW,DON'T KNOW,DHAKA,CANTONMENT,Tangail
"DUBAI, MUSCAT",OMAN,DON'T KNOW,DON'T KNOW,DHAKA,DAKKHINKHAN,Tangail
"DUBAI, MUSCAT",OMAN,MUSCAT,DON'T KNOW,DHAKA,ROMNA,TANGAIL
"DUBAI, OMAN",OMAN,DON'T KNOW,DON’T KNOW,DHAKA,LALMATIA,SHAMPUR DHAKA
"DUBAI, OMAN",OMAN,SOHAR,GALSHIBUL,DHAKA,GULSHAN,"SHARIATPUR, DHAKA"
"DUBAI, PARIS",FRANCE,LILLE,NA,DHAKA,SUTRAPUR,"DAUDKANDI,COMILLA,SONARGAON,NARAYANGANJ"
"DUBAI, QATAR",QATAR,DON'T KNOW,DON'T KNOW,"DHAKA ,",MOHAMMADPUR,DHAKA
"Dubai, Riyad",KSA,Riyad,Batha,"DHAKA ,",MIRPUR,JINAIDAHA
"Dubai, Riyadh",KSA,Riyadh,Tumama,"DHAKA ,",VATARA,"Barishal, Dhaka"
"DUBAI, RIYADH",SAUDIARAB,RIYADH,MALIK ABDULLAH,"DHAKA, BARIDHARA",NA,"MARKUN, GAZIPUR, SHREEBORDI, SHREEPUR"
"DUBAI,AFGANISTAN",AFGANISTAN,KABOL,NA,DHDKA,BANGSHAL,"DHAKA,KHILKHET,TANGAIL ,MIRZAPUR"
"DUBAI,BAGDAD",IRAQ,BAGDAD,NA,DHDKA,BANANI,DHAKA
"DUBAI,BAGDAD",IRAQ,BAGDAD,DON'T KNOW,DINAJPUR,PEERGONJ,Dhaka
"DUBAI,BAGDAD",IRAQ,BAGDAD,DON'T KNOW,FARIDPUR,ALFADANGA,Dhaka
"DUBAI,DAMMAM",KSA,DAMMAM,AROJTRANSPOOL,FARIDPUR,SADAR,"DHANMONDI, DHAKA"
"DUBAI,DAMMAM",KSA,DAMMAM,ALBODIA,FARIDPUR,CHARBHADRASION,JESSORE
"DUBAI,DAMMAM",KSA,DAMMAM,KHUDRIA,FARIDPUR,SADARPUR,"KUSTIA,DHAKA"
"DUBAI,DOHA",QATAR,DON'T KNOW,DON'T KNOW,FARIDPUR,NAGARKANDA,DOHAR DHAKA
"DUBAI,DOHA",QATAR,DON'T KNOW,DON'T KNOW,FARIDPUR,VANGA,"DOHAR,NOWABGONJ"
"DUBAI,DOHA",QATAE,DON'T KNOW,DON'T KNOW,FARIDPUR,VANGA,"DOMAR,NILFAMARY,UTTARA DHAKA"
"DUBAI,DOHA",QATAR,DON'T KNOW,DON'T KNOW,FARIDPUR,KATOALY,"DREAM SQUIRE PARK, GAZIPUR"
"DUBAI,DOHA",QATAR,DON'T KNOW,DON'T KNOW,FARIDPUR,BHANGA,"FENI,DHAKA,NARAYANGANJ"
"DUBAI,DOHA",QATAR,DON'T KNOW,DON'T KNOW,FARIDPUR,VANGA,"FINLEY TES, SHREEMONGOL"
"DUBAI,DOHA",QATAR,DON'T KNOW,DON'T KNOW,FENI,SUNAGAZI,"FOKIRAPUL DHAKA,CHITTAGONG"
"DUBAI,IRAQ",IRAQ,BOSRA,DON'T KNOW,FENI,SADAR,DHAKA
"DUBAI,JEDDAH",KSA,PETRO RABE,NA,FENI,FENI,"KUSTIA,FARIDPUR,RAJBARI"
"DUBAI,JEDDAH",KSA,JEDDAH,GRANAID BILADEN,FENI,DAGON BHUYAN,"KUSTIA,RAJSHAHI"
"DUBAI,KUWAIT",KUWAIT,MURGAB,SUBHAN,FENI,SONAGAZI,LOKSMIPUR
"DUBAI,MANAMA",BAHRAIN,MANAMA,DON'T KNOW,FENI,FULGAZI,"KISHORGONJ,DHAKA,GAZIPUR"
"DUBAI,MASCOT",OMAN,MASCUT,DON'T KNOW,FENI,CHSGOLNAIYA,DHAKA
"DUBAI,MUSCAT",OMAN,TAWATI,AL- FOJOL,FENI,FENI,"DHANMONDI, DHAKA"
"DUBAI,MUSCAT",OMAN,MUSCAT,HILL,FENI,POSHURAM,"SYLHET,MOULAVIBAZAR,HABIGANJ"
"DUBAI,MUSCAT",OMAN,MUSCAT,DOWN TOWN,FENI,FENI,"SYLHET,SUNAMGONJ,UTTARA DHAKA"
"DUBAI,MUSCAT",OMAN,ADOM,MULOV,FENI,CHHAGALNAIYA,"T.T.C, BOGRA, KAKRAIL, DHAKA"
"DUBAI,OMAN",OMAN,MUSCAT,DOWN TOWN,FENI,SAGOL NAIAYA,"SYLHET,MOULAVIBAZAR"
"DUBAI,QATAR",QATAR,ALKHUR,RAUN BOARD,FENI,CHAGOLNAYAA,"CHAKBAZAR,DHAKA, GAZIPUR"
"DUBAI,QATAR",QATAR,DON'T KNOW,DON'T KNOW,FENI,SADAR,DHAKA
"DUBAI,QATAR",QATAR,DON'T KNOW,DON'T KNOW,FENI,SADAR,DHAKA
"DUBAI,QATAR",IRAQ,BOSRA,DON'T KNOW,FENI,FENI,DHAKA
"DUBAI,QATAR",QATAR,DON’T KNOW,DON’T KNOW,FENI,FENI,DHAKA
"DUBAI,QATAR",QATAR,DON’T KNOW,DON’T KNOW,Feni,Sadar,DHAKA
"DUBAI,QATAR",QATAR,AYENKHALID,NA,FENI,SADAR,"Madaripur, Dhaka"
"DUBAI,RIAD",Saudi Arabia,AL-KARIS,ALKARIS,FENI,DAGON BHUAN,DHAKA
"DUBAI,RIYADH",KSA,RIYADH,OLAIA STATE,FORIDPUR,KOTOALI,"DHAKA,KISHOREGANJ,BAJITPUR,KHULNA,JESSORE,BENAPAL"
"DUBAI,RIYADH",KSA,MADINA,MADINA,GAIBANDHA,GOBINDAGANJ,Feni
DUHA,"QATAR,",DUHA,SANAYYA,GAIBANDHA,GOBINDAGONJ,DHAKA
Geddah,KSA,Mokka,NA,GAIBANDHA,SHADAR THANA,"DHAKA, NORSHINDI"
GUANGU,CHINA,GUANGU,NA,GAIBANDHA,SADULLAPUR,"GAIBANDHA,DHAKA"
GUANGU,CHINA,GUANGU,SANIARLY,GAIBANDHA,SAGHATA,MOULVIBAZAR
GUANGU,CHINA,GUANGU,NA,GAZIPUR,BOARDBAZAR (TONGI),"MUJIBNAGAR, MEHERPUR, MIRPUR, DHAKA"
GUANGU,CHINA,GUANGU,GUANGU,GAZIPUR,KALIYAKAIR,"TITAS,COMILLA"
GUANJU CHAINA,CHAINA,GUANJU,DON’T KNOW,GAZIPUR,KALIAKOIR,MOULAVIBAZAR
GUANJU CHAINA,CHAINA,GUANJU,HOTEL GUANJU,GAZIPUR,KAPASIYA,"MOULAVIBAZAR,PATHANTOLA,SYLHET"
GUANJU CHAINA,CHAINA,GUANJU,DON’T KNOW,GAZIPUR,TONGI,"MOULOVIBAZAR, HOBIGANJ"
GUANJU CHAINA,CHAINA,GUANJU,SANSALI,GAZIPUR,KALIGONJ,"Moulvibazaar, Dhaka"
GUHANZU,CHINA,GUANGU,DON'T KNOW,GAZIPUR,KAPASIA,"KAPASIA,GAZIPUR,DHAKA"
"GUHANZU, CHINA, LOS ANGELES, USA",USA,LOS ANGELES,TOWN,GAZIPUR,KALIYAKAIR,"PALLABI, DHAKA"
HEATHROW,ENGLAND,NEWCASTLE,TYREARDWEAR,GAZIPUR,SHREEPUR,"PALLABI, DHAKA"
HEATHROW,ENGLAND,LONDON,DON'T KNOW,GAZIPUR,SHADAR,"PALTAN,SAVER,DHAKA"
HEATHROW,ENGLAND,HAWRDSHATH,SUXXEX,GAZIPUR,KALIGANJ,"PIROJPUR, GOPALGANJ, BARISHAL"
HEATHROW,UK,LONDON,MANORPARK,GAZIPUR,JOYDEBPUR,"POTIMARI,KHULNA"
HEATHROW,ENGLAND,TOWER,HAMLET/BOW,GAZIPUR,SADAR,Potuakhali
HEATHROW,ENGLAND,TOWER,HAMLET,GAZIPUR,KAPASHIYA,"RAIPURA,BALAB,NARSINGDI"
HEATHROW,ENGLAND,LONDON,TOWER/HAMLET,GAZIPUR,SHRIPUR,RAJPARA
HEATHROW,ENGLAND,EAST HOME,BARKING,GAZIPUR,SREEPUR,"RAJSHAHI, CHAPAINABABGANJ"
HEATHROW,UK,LONDON,LONDON,GAZIPUR,SHRIPUR,"RAMONA DHAKA,BEGUMGONJ NOAKHALI"
HEATHROW,UK,LONDON,STINNEY,"GAZIPUR,KALIAKOIR",KALIAKOIR,"RAMPAL, MUNSHIGONJ"
HEATHROW,UK,LONDON,EAST LONDON,GOPALGANJ,KOTALIPARA,"RAMPURA, DHAKA, SADAR, FARIDPUR"
HEATHROW,UK,LONDON,HEATHROW,GOPALGONJ,KOTALIPARA,"SHIRAJGANJ, DHAKA"
HEATHROW,UK,LONDON,11FORD?,GUPALGANJ,MUKSHEDPUR,"SHOFIPUR, DHAKA, BONGKHURI, TANGAIL"
HEATHROW,UK,LONDON,WEMBELY,HABIGANJ,MADHOBPUR,"SHREENAGAR,MUNSHIGANJ"
HEATHROW,UK,LONDON,EAST LONDON,"HABIGONJ, CHUNARUGHAT.",NA,"SHUNAMGONJ, SHUNAMGONJ"
HEATHROW,UK,LONDON,EAST LONDON,HOBIGANJ,AJMERIGANJ,"SHYAMOLI, PALTAN, BANOSHREE, DHAKA, SADAR, B- BARIA"
HEATHROW,UK,TOWNLUTON,BEDFORDSHIRE,HOBIGONJ,NOBIGONJ,"SIRAJDIKHAN,MUNCHIGONJ"
HEATHROW,UK,LONDON,EAST LONDON,HOBIGONJ,CHUNARUGHAT,"SONAIMURI, NOAKHALI, NIKUNJA, DHAKA"
HEATHROW,UK',BIRMINGHUM,TRISULL,HOBIGONJ,NABIGONJ,"SONARGAON, NARAYANGONJ, MALIBAG, DHAKA"
HEATHROW,UK,LONDON,KINCROSS,JAMALPUR,JAMALUR,Sylhet
HEATHROW,UK,LONDON,WATFORD,JAMALPUR,SHARISHABARI,"Sylhet, Gazipur, Dhaka"
HEATHROW,UK,DERBEY,NORMANTON,JAMALPUR,MADARGONJ,"SYLHET, MOULOVIBAZAR, BRAHMANBARIA"
HEATHROW,UK,BIRMINGHUM,BAZLIGRIN,JAMALPUR,KOTWALI,"SYLHET, SUNAMGANJ, DHAKA"
HEATHROW,UK,LONDON,EAST LONDON OLD GATE,JAMALPUR,JAMALPUR SADAR,TAMGAIL
HEATHROW,UK,LONDON,CHARTER HOUSE STREET,JAMALPUR,JAMALUR,Tangail
HEATHROW,UK,LONDON,NEWPORT,JESSORE,JESSORE,Tangail
HEATHROW,LONDON,LONDON,BETHNALGREEN,JESSORE,SHARSHA,TANGAIL
HEATHROW,UK,LONDON,SURREY,JESSORE,NARAIL,"Tangail, Dhaka"
HEATHROW,UK,LONDON,OLDGATE,JESSORE,ABHOYNAGAR,"TANGAIL, DHAKA"
"HEATHROW AIRPORT, LONDON",UK,EAST LONDON,UPTON PARK,JESSORE,SHARSHA,"ULLAPARA, SHIRAJGONJ. BAGCHAPAR, GAZIPUR. BISHAW ROAD, DHAKA."
"HEATHROW AIRPORT, LONDON",UK,BEMIGON,ASTON,JESSORE,JHIKOREGACHHA,"UTTARA DHAKA, FENI SADAR"
"HEATHROW AIRPORT, LONDON",UK,LONDON,TOWER HEMLET,JESSORE,MONIRAMPUR,"UTTARA DHAKA,KALIHATHI TANGAIL"
"HEATHROW AIRPORT, LONDON",UK,LONDON,DON’T KNOW,JESSORE,BAGARPARA,"UTTARA, D, SADAR, FENI"
"HEATHROW AIRPORT, LONDON",UK,BURMINGHUM,HANDSWOREL,JESSORE,KESHOBPUR,"UTTARA, DHAKA"
"HEATHROW,LONDON",UK,LONDON,TOWER HAMLETS,JESSORE,MONIRAMPUR,"SHIRAJGANJ, DHAKA"
"HEATHROW,LONDON",UK,LONDON,LUTON,JESSORE,MONIRAMPUR,"SHREENAGAR, MUNSHIGONJ, SADAR, NARAYANGONJ"
"HEATHROW,LONDON",ENGLAND,CENTRAL LONDON,NA,JESSORE,SADAR,"UTTARA,DHAKA"
"HEATHROW,LONDON",ENGLAND,LONDON,EAST LONDON,JESSORE,KESHOB PUR,"UTTARA,DHAKA,MADAN,,NETROKONA"
"HEATHROW,LONDON",ENGLAND,COVENTRY,NA,JESSORE,JHIKOREGACHHA,"UTTARA,SAVAR, DHAKA"
"HEATHROW,LONDON",UK,BLETCHELY,MILTON KEYNES,JHANAIDAAH,SADAR,"West Shokdi,Chandpur"
"HEATHROW,LONDON",UK,BLETCHELY,MILTON KEYNES,JHINAIDAH,KALIGONJ,"ZINDA BAZAR,BISWANATH"
"HEATHROW,NEW JARJI",USA,PHILADELPHI,NORTHEST,JHINAIDAH,SADAR,SYLHET
"HHEATHROW,TORONTO",CANADA,TORONTO,DOWN TOWN,JHINAIDAH,SAILOKUPA,"SHREEPUR, GAZIPUR"
HITHRO,UK,EAST LONDON,RED BRIDGE,Jhinaidoh,Soilokupa,PABNA
HITHRO,UK,CENTRAL LONDON,LIVERPUL,JINAIDAHA,KOT CHADPUR,Pabna Sadar
HITHRO,UK,LONDON,MORLEY ROAD,JINAIDAHO,KALIGANJ,SHARSHA
HITHRO,UK,LONDON,CLAPHAM,Khulna,Khulna Metro,"SHATKHIRA, DHAKA"
HITHRO,UK,LONDON,LUTON,KHULNA,DUMURIYA,"SHIBCHAR, MADARIPUR"
HITHRO,UK,LONDON,BEAKLAND,KHULNA,PAIKGACHA,"SHIBPUR,NARSINGDI"
"HITHRO,LONDON",UK,LONDON,WATER LOO,KHULNA,ARONG BHATA,"SHARIOTPUR,DHAKA"
HITRO,UK,BARMINGHAM,SULHIN,KHULNA,KOYRA,"Rajsahi, Noagoan, Dhaka"
HITRO,UK,EAST LONDON,POPLAR,KHULNA,SUNADANGA,"RAJSHAHI,NATORE,DHAKA"
HITRO,UK,NOTINGHAM,FOREST,KHULNA,SADAR,"RAMNA,DHAKA"
HITRO,UK,LONDON,WEST MIMISTER,KHULNA,TEROKHADA,"SATKHIRA,DHAKA"
HITRO,ENGLAND,LONDON,SAREY,KISHOREGANG,KOTIYADIR,"SHAKHIPUR, TANGAIL"
HITRO,ENGLAND,LONDON,SAREY,KISHOREGANJ,KATHIADI,"SHIRAJGANJ, DHAKA"
HK AIRPORT,CHINA,HONKONG,DON'T KNOW,KISHOREGANJ,KATIADI,"SAVAR,DHAKA"
HKG NEW TERITORIES,HKG,NEW TERITORIES,DON'T KNOW,KISHOREGANJ,BHAIRAB,"SAVAR,SIRAJGONJ"
HONG KONG,HONG KONG,WE ZHOU,ROAN,KISHOREGANJ,ITANA,"NOAKHALI,COMILLA,LUXUM"
HONGKONG,JAPAN,TOKYO,NA,KISHOREGANJ,PAKUDIYA,"ASKONA, DHAKA"
HONGKONG,CHAINA,HONGKONG,NA,KISHOREGANJ,KOTUYALI,DHAKA
HONGKONG,HONGKONG,KOWLOON,TSIMSHATSEI,KISHOREGANJ,KISHOREGANJ,"SONAIMURI, NOAKHALI, ASHKONA, DHAKA"
HONGKONG,HONGKONG,POKFULAN,POKFULAN,KISHOREGANJ,KATIADI,"SONARGAON HOTEL, DHAKA,BANCHARAMPUR, B-BARIYA"
HONGKONG,HONGKONG,POKFULAN,POKFULAN,KISHOREGANJ,BHAIRAB,"SONARGAON,NARAYANGONJ"
HONGKONG,HONGKONG,DON'T KNOW,DOWN TOWN,"KISHOREGINJ,",BHAIRAB,"Soriyotpur, Nilphamari"
HONGKONG,HONGKONG,DON'T KNOW,DOWN TOWN,KISHOREGONJ,HOSENPUR,"SREENAGAR,MUNCHIGONJ,DOHAR,DHAKA"
HONGKONG,HONGKONG,DON'T KNOW,DOWN TOWN,KISHOREGONJ,SADAR,"SRINAGAR,MUNSHIGONJ"
HONGKONG,HONGKONG,KWUNTONG,KWUNTONG,KISHORGONJ,PAKUNDIA,SUKRABAD DHAKA
HONGKONG,NA,G,HONGKONG,KISORGONJ,BHAIRAB,SUNAMGANJ
HONGKONG,HONGKONG,DON'T KNOW,DON'T KNOW,"KISORGONJ, VAIROB",VAIROB,SUTRAPUR DHAKA
HONGKONG,HONGKONG,DON'T KNOW,DON'T KNOW,"KISORGONJ,BAJITPUR",NA,"SUTRAPUR,DHAKA"
"HONGKONG INT'L AIRPORT, VANCOUVER AIRPORT",CANADA,VANCOUVER,NA,KISSOREGONJ,KOTIARY,"NORSHINDI, DHAKA"
"HONGKONG,",HONGKONG,KOWLOON,KOWLOON,KISSOREGONJ,SADAR,"SUKHIPUR,SATKHIRA,MOILAPUTA,KHULNA,ADABOR,DHAKA"
"HONGKONG, NEWYORK",USA,NEWYORK,ZAMAICA,KISSOREGONJ,BHAIROB,"Nobabganj, Dhaka"
"HONGKONG, TAIWAN",TAIWAN,TAIPEI,TAIPEI,KISSOREGONJ,HOSSENPUR,"SUBANI GHAT,SUBIDBAZAR,SYLHET,BAROLEKHA,MOULVIBAZAR"
"HONGKONG,SHANGHAI",CHAINA,SHANGHAI,DON'T KNOW,KISSOREGONJ,SADAR,"NOAKHALI, BHRAMMANBARIYA, COMILLA, DHAKA"
HONKONG,HONKONG,SHAJIN,HK,Kisurgonj,Kotiady,SAVAR
HONKONG,HONKONG,HONKONG,DON'T KNOW,KURIGRAM,RAUMARI,"SENT MARTIN, TEKNAF, COX BAZAR, CHITTAGONG, COMILLA, DHAKA"
HONKONG,HONKONG,HONKONG CITY,DON'T KNOW,KURIGRAM,FULBARI,SHADAR NARSHINGDI
HONKONG,HONKONG,DON'T KNOW,DON'T KNOW,KUSHTIA,SADAR,"SHADAR,TANGAIL"
"HONKONG ,JAPAN",JAPAN,DON'T KNOW,CHIPA,KUSTIA,DOULATPUR,"Nowabganj, Dhaka"
INDIA,INDIA,KALKATA,JAKARIA CITY,KUSTIA,BHERAMARA,DHAKA
INDIA,INDIA,KOLKATA,SALT LAKE,LAKSMIPUR,RAIPUR,Gazipur
"ISTAMBUL, AMSTERDAM",NETHERLANDS,AMSTERDAM,NA,LAKSMIPUR,RAMGOTI,"BONGSHAL,DHAKA"
"ISTAMBUL, BARCELONA",SPAIN,BARCELONA,NA,LAXMIPR,RAYPURA,"BANCHARAMPUR,BRAHMANBARIA"
"ISTAMBUL, DUSSELDORF",GERMANY,DUSSELDORF,NRW,LAXMIPR,RAMGATI,B.Baria
"ISTAMBUL, GOTHENBURGS",FINLAND,NA,NA,LAXMIPUR,ROYPUR,B.Baria
"ISTAMBUL, TORENTO,",CANADA,OTTAWA,ONTARIO,LAXMIPUR,RAMGONJ,"BAGHMARA,RAJSHAHISADAR,NATRE"
"ISTAMBUL, VENIS",ITALY,BISENSHA,NA,LAXMIPUR,RAMGONJ,"BONANI,DHAKA,GAZIPUR SHADAR"
"ISTAMBUL,AMSTARDAM",SRILANKA,COLOMBO,NA,LAXMIPUR,LAXMIPUR,"Chandpur, Dhaka"
"ISTAMBUL,BOLOGNA ,ITALY",ITALY,BOLOGNA,BORGOPPANIGAL,LAXMIPUR,SADAR,"BHRAMMAN BARIYA, DHAKA"
"ISTAMBUL,ETHENCE",GREECE,ETHENCE,KORIDAL,LAXMIPUR,RAMGONJ,CHANDPUR
"ISTAMBUL,HAMBURG,GERMANY",GERMANY,HAMBURG,HAMBURG,LAXMIPUR,RAYPUR,"BEGUMGBONJ,NOAKHALI"
"ISTAMBUL,MANCHASTER, DHAKA",UK,MANCHESTER,STOCKPORT,LAXMIPUR,LAXMIPUR,"CHANDPUR, DHAKA"
"ISTAMBUL,TRIPOLI",LIBYA,KOBBA,KOBBA,LAXMIPUR,SADAR,"CHAR BHADRASION,FARIDPUR,UTTARA,DHAKA"
"ISTAMBUL,TRIPOLI",LIBYA,KOBBA,KOBBA,LOKSMIPUR,SADAR,CHATKHIL NOAKHALI
"ISTAMBUL,TRIPOLI",LIBYA,KOBBA,KOBBA,LUXMIPUR,RAIPORA,"CHATKHIL NOAKHALI, KERANIGANJ, DHAKA"
"ISTAMBUL,TRIPOLI",LIBYA,KOBBA,KOBBA,MADARIPUR,SADAR,"CHILAHATI, DIMLA, DHAKA, SAIDPUR, NILPHAMARI"
"ISTAMBUL,TRIPOLI",LIBYA,KOBBA,KOBBA,MADARIPUR,KALKINI,"Chilahati, Dimla, Saidpur, Dhaka"
"ISTAMBUL,TRIPOLY",LIBIA,KEBBA,KEBBA,MADARIPUR,RAJOIR,CHNDPUR
"ISTAMBUL,TRIPOLY",LIBIA,KEBBA,KEBBA,MADARIPUR,SHIBCHAR,"Chokoria ,Chittagang"
"ISTAMBUL,TRIPOLY",LIBIA,TRIPOLI,KEBBA,MADARIPUR,RAJOR,"CHOWRASTA, GAZIPUR"
"Istanbul, Copenhagen",Denmark,Copenhagen,NA,MADARIPUR,RAJOR,"BASHUNDHARA,DHAKA"
"Istanbul, Düsseldorf",Germany,Duisburg,Nzw,MADARIPUR,MADARIPUR SADAR,BABU BAZAR DHAKA
"Istanbul, Houston, Des moines",USA,Dexter,Iowa,MADARIPUR,SADAR,"CHANDPUR, DHAKA"
"Istanbul, LA, SFO",USA,San Fransisco,CA,MADARIPUR,SADAR,"Chandpur, Gazipur"
"Istanbul, Milan",Italy,Milan,Milan,MADARIPUR,KHAGSARA,"BAROA,COMILLA"
"ISTANBUL, TRIPOLI",LEBIA,BENGAZI,DON’T KNOW,MAGORA,MAGORA,"CHITTAGONG,DHAKA"
"ISTANBUL,BIRMINGHAM",UK,DERBY,MIDLAND,MAGORA,SALIKA,BRAMMONBARIA
"ISTANBUL,BIRMINGHAM",UK,GRANTHAM,LINKONSHAYER,MAGURA,MAGURA SHADAR THANA,"BURICHANG COMILLA,NEARBY HAZI CAMP"
"ISTANBUL,TRIPOLY",LIBIA,BANGAZI,KUMBA,MAGURA,MAGURA SHADAR THANA,"CHITTAGONG, COMILLA, DHAKA"
"ISTANBUL,TRIPOLY",LIBIA,BANGAZI,KUMBA,MAGURA,MAGURA,"CHITTAGONG, DHAKA"
"ISTANBUL,TRIPOLY",LIBIA,BANGAZI,KUMBA,MAGURA,MOHAMMADPUR,"CHITTAGONG, DHAKA"
"ISTANBUL,TRIPOLY",LIBIA,BANGAZI,KUMBA,MAGURA,MAGURA SHADAR THANA,"CHITTAGONG, DHAKA"
"ISTANBUL,TRIPOLY",LIBIA,BANGAZI,KUMBA,MANIKGANJ,SINGAIR,"CHITTAGONG, DHAKA"
"ISTANBUL,TRIPOLY",LIBIA,BANGAZI,KUMBA,MANIKGANJ,SINGAIR,"CHITTAGONG, DHAKA, CHANDPUR"
JEDDA,SAUDI ARABIA,KAKIA,NA,MANIKGANJ,SINGAIR,BAGURA
Jedda,KSA,Jedda,Filistin,Manikganj,Daulatpur,GULSHAN DHAKA
Jedda,KSA,Jedda,Filistin,MANIKGANJ,SHIBALOY,"GULSHAN DHAKA,PORT CHITTAGONG"
"JEDDA, ALVISA",SAUDIA ARABIA,ALVISA,ALVISA,MANIKGANJ,SATURIYA,"UTTARA, DHAKA, MADHUPUR, TANGAIL"
"JEDDA, MADINA",SAUDIA ARABIA,MADINA,SULTANA ROAD,MANIKGANJ,SINGAIR,"UTTARA, DHAKA"
"JEDDA, RIYADH",SAUDIA ARABIA,RIYADH,OLAYIYA,MANIKGANJ,SHINGAIR,"UTTARA, DHAKA, MADHUPUR, TANGAIL"
"JEDDA, SAUDI ARABIA",SAUDIA ARABIA,JEDDA,KHILBAD,MANIKGONJ,SADAR,"DHAKA,KISORGONJ"
"JEDDA, SAUDI ARABIA",SAUDIA ARABIA,JEDDA,ANAKIS,MANIKGONJ,MANIKGONJ,"DHAKA,KURIGRAM"
"JEDDA, SAUDI ARABIA",SAUDIA ARABIA,JEDDA,GULAIL,MANIKGONJ,SIGAIR,"DHAKA,KURIGRAM"
"JEDDA, SAUDI ARABIA",SAUDIA ARABIA,MAKKA,NA,MANIKGONJ,SINGAIR,HOBIGANJ
"JEDDA, SAUDI ARABIA",SAUDIA ARABIA,GUMBUDA,ALLIS,MANIKGONJ,SADAR,"HOBIGONJ,DHAKA,MAULOVIBAZAR"
"JEDDA, SAUDI ARABIA",SAUDIA ARABIA,JEDDA,MUJALIF,MANIKGONJ,MANIKGONJ,NA
"JEDDA, SAUDI ARABIA",SAUDIA ARABIA,JEDDA,SHARAFIYA,MANIKGONJ,SINGAIR,NA
"JEDDA, SAUDI ARABIA",SAUDIA ARABIA,JEDDA,HAYES SALAM,MANIKGONJ,SADAR,NA
"JEDDA, SAUDI ARABIA",SAUDIA ARABIA,JEDDA,GULAIL,MAULAVIBAZAR,SHADAR,NA
"JEDDA, SAUDI ARABIA",SAUDIA ARABIA,JEDDA,MAZHAR SANAIYA,MAULAVIBAZAR,SHADAR THANA,NARSHINDI
"JEDDA, SAUDI ARABIA",SAUDIA ARABIA,JEDDA,MUKKARO KILOTERO,MAULOVI BAZAR,KULAURA,NARSHINGDI
"JEDDA, SAUDI ARABIA",SAUDIA ARABIA,MADINA,MONOWARA,MAULOVIBAZAR,MAULOVIBAZAR,NARSINGDI
"JEDDA, SAUDI ARABIA",SAUDIA ARABIA,JEDDA,BAWADI,MAULOVIBAZAR,ZURI,NARSINGDI
"JEDDA, SAUDI ARABIA",SAUDIA ARABIA,JEDDA,SANAIYA,Meherpur,Mojomnagar,NARSINGDI
"JEDDA, SAUDI ARABIA",SAUDIA ARABIA,JEDDA,SANAIYA,MEHERPUR,GANGNY,"NARSINGDI,BANCHARAMPUR,BRAHMANBARIA"
"JEDDA, THABUR",SAUDIA ARABIA,THABUR,THABUR CITY,MEHERPUR,SADAR,"UTTARA, DHAKA"
JEDDAH,Saudi Arabia,Gumfuda,Algosh,MEHERPUR,MUJIBNAGAR,"ADABOR, DHAKA"
JEDDAH,Saudi Arabia,Sharopia,Philistini Road,MEHERPUR,MEHERPURSHADAR,"ADABOR, DHAKA"
JEDDAH,KSA,JEDDAH,BAROKILO,MOLVIBAZAR,ZURI,CHAPAINAWABGONJ
JEDDAH,SAUDI ARABIA,JEDDAH,RAWOHA,MONSHIGANJ,GAJARIA,"CHITTAGONG, FARMGATE, DHAKA"
JEDDAH,SAUDI ARABIA,JEDDAH,MATARKEDIM,MONSHIGANJ,MONSHIGANJ,"CHITTAGONG,KHULNA, DHAKA"
JEDDAH,SAUDIA ARABIA,JEDDAH,JEDDAH,MONSHIGANJ,MONSHIGANJ,DHAKA
JEDDAH,SAUDIARAB,JEDDAH,SANAYA,MONSHIGANJ,MONSHIGANJ,"DHAKA, MANIKGANJ"
JEDDAH,SAUDIARAB,MACCA,ZIHAD,MOULAVIBAZAR,MOULAVIBAZAR SADAR,"DHAKA, MUNSHIGANJ"
Jeddah,KSA,Tayef,Safa Road,MOULAVIBAZAR,SADAR,"DHAKA, RAJSHAHI, COMILLA"
JEDDAH,KSA,JEDDAH,HYL MARUA,MOULAVIBAZAR,BAROLEKHA,"DHAKA, TANGAIL"
Jeddah,KSA,Dammam,Kaffar Ratan,MOULAVIBAZAR,RAJ NAGAR,"MOHAMMADPUR, DHAKA"
JEDDAH,KSA,JEDDAH,SARAPIA,MOULAVIBAZAR,KOLAORA,"MUNSHIGONJ,SIRAJDIKHAN"
JEDDAH,KSA,JEDDAH,AL-LIVE,MOULOVIBAZAR,KULAURA,"MUNSIGANJ, MYMENSINGH, DHAKA, NETROKONA"
JEDDAH,KSA,JEDDAH,MOSHAROFA,MOULOVIBAZAR,SADAR,"MURAD NAGAR, COMILLA"
JEDDAH,KSA,TAEB,SOBRA,MOULVI BAZAR,MOULVIBAZAR,"MURAD NAGAR, COMILLA, RAMNA, DHAKA"
JEDDAH,SAUDIARABIA,JEDDAH,AYARAM,MOULVI BAZAR,SHREEMONGOL,"MYMENSINGH, VALUKA"
JEDDAH,SAUDIARABIA,JEDDAH,SHORAPIA,MOULVI BAZAR,SADAR,"MYMENSINGH,GAZIPUR,KISHORGONJ"
JEDDAH,SAUDIARABIA,JEDDAH,HALISUFA,MOULVIBAZAR,BAROLEKHA,"MYMENSINGH,NATROKONA"
Jeddah,KSA,Jedda,Sanaiya,MOULVIBAZAR,KULAURA,NA
Jeddah,KSA,Jedda,Asfanut,MOULVIBAZAR,SRIMANGAL,NA
JEDDAH,KSA,AL-BAHA,MAKUA,MOULVIBAZAR,KAMOLGONJ,"NARAIL,KOTIARY,KISSOREGONJ"
Jeddah,KSA,Jedda,Sanaiya,MOULVIBAZAR,BAROLEKHA,"NARAYANGANJ,CHADPUR,DHAKA"
Jeddah,KSA,Jedda,Mahajar,MOULVIBAZAR,SADAR,"NARAYANGANJ,COMILLA"
Jeddah,KSA,Mokka,Abu Lahab,MOULVIBAZR,BOROLEKHA,"NARAYANGANJ,MANIK GONJ"
JEDDAH,KSA,JEDDAH,HAYESAFA,MULVIBAZAR,BOROLEKHA,"NARAYANGANJ,NARSINGDI,DHAKA"
JEDDAH,KSA,MAKKA,MAKKA,MULVIBAZAR,BIYANIBAZAR,"NARAYANGANJ,SHARYOTPUR,DHAKA"
JEDDAH,KSA,TABOK,TABOK,MUNCHIGONJ,SIRAJDIKHAN,NARAYANGONJ
JEDDAH,KSA,JEDDAH,HAMDANIA,MUNCHIGONJ,SIRAJDIKHAN,NARAYANGONJ
JEDDAH,SAUDIARABIA,JEDDAH,MATARGODIM/HAYAR NASIM,MUNSHIGANJ,SRINAGAR,NARAYANGONJ
JEDDAH,SAUDIARABIA,JEDDAH,OJERIA,Munshiganj,Tangbari,"NARAYANGONJ,NAROSINDI,DHAKA"
JEDDAH,KSA,JEDDAH,RABEK,MUNSHIGANJ,MUNSHIGANJ,Narayonganj
JEDDAH,KSA,MOKKA,JAHER,MUNSHIGONJ,SRINOGOR,"Narayonganj, Dhaka"
JEDDAH,KSA,JEDDAH,NEARBY JEDDAH AIRPORT,MUNSHIGONJ,SHREENAGAR,NAROSINDI
JEDDAH,SAUDIARABIA,MODINA,MODINA CITY,MUNSHIGONJ,TONGIBARI,"SADAR, COMILLA, ADABOR, MOHAMMADPUR, DHAKA"
JEDDAH,SAUDIARABIA,BAOUADI,SANAYAA,MUNSHIGONJ,SADAR,"SADAR, KHULNA"
JEDDAH,SAUDIARABIA,AR AR,SANAYAA,MUNSHIGONJ,SIRAJDIKHAN,"SADAR, LAXMIPUR, MOTIJHEEL, DHAKA"
JEDDAH,SAUDIARABIA,TAYEF,HAINEYKUP,MUNSHIGONJ,SIRAJDIKHAN,"SADAR, MOULVIBAZAR, SHAJAHANPUR, DHAKA"
JEDDAH,SAUDIARABIA,TABUK,HAGEL,"MUNSHIGONJ, SADAR",NA,"SADAR, NARSHINGDI"
JEDDAH,SAUDIARABIA,NAZLA,AMIR MONSUR,MYMENSHING,NANDAIL,"SADAR, PABNA"
JEDDAH,SAUDIARABIA,ABHA,DON'T KNOW,MYMENSHING,FULBARIA,"SADAR, RANGAMATI"
JEDDAH,SAUDIARABIA,NAZRA,SANAYYA,MYMENSING,FULBARIA,"SADARGHAT,DHAKA"
JEDDAH,SAUDIARABIA,JEDDAH,ARAB,MYMENSINGH,SADAR,"Sathiya, Iswardi, Dhaka"
JEDDAH,SAUDIARAB,MADINA,BIRALMASI,MYMENSINGH,FULBARIYA,SHATKHIRA
JEDDAH AIRPORT,SAUDIARABIA,JEDDAH,HAYAR SALMA,MYMENSINGH,SHADAR,"Dhaka, Gulshan, Sylhet"
"JEDDAH, JIJAN",SAUDIARAB,JIJAN,ABA,MYMENSINGH,MYMENSINGH,"SANTINAGAR DHAKA,MUNSHIGONJ SADAE"
"Jeddah, Khartum",Sudan,Dunins,Darfur,MYMENSINGH,VALUKA,DHAKA
"JEDDAH, MADINA",SAUDIARAB,MODINA,KUBA,MYMENSINGH,BHALUKA,"SATKHIRA,MOTIJEEL,DHAKA"
"JEDDAH, MADINA",SAUDIARAB,MODINA,HARAS,MYMENSINGH,KOTWALI,SAVAR
"JEDDAH, MADINA",SAUDIARAB,MODINA,KHALEDDIA,MYMENSINGH,MUKTAGACHHA,"SAVAR, ASKONA, DHAKA, SONATALA, BOGRA"
"JEDDAH, MADINA",SAUDIARAB,MADINA,SANAIYA,MYMENSINGH,NANDAIL,"SAVAR,DHAKA"
"JEDDAH,K.S.A",SAUDI ARABIA,JEDDAH,RAWDA,MYMENSINGH,NANDAIL,CHITTAGONG
"JEDDAH,K.S.A",K.S.A,ALBALAD,BAB SHARIF,MYMENSINGH,FULBARIA,DHAKA
"JEDDAH,MADINA",SAUDIARABIA,MADINA,HARAY,MYMENSINGH,NANDAIL,"SAGOL NAIAYA,FENI"
Johurbaru,Malyasia,Johurbaru,Sinai,NA,NA,DHAKA
KARACHI,PAKISTAN,KARACHI,DORAJI,NA,NA,KISORGONJ
"KARACHI, DUBAI",UAE,DUBAI,ALKUS,NA,NA,Habiganj
"KARACHI, DUBAI",UAE,ABUDHABI,AIKAN,NA,NA,"HABIGANJ, DHAKA"
"KARACHI, DUBAI",UAE,DUBAI,DON’T KNOW,NA,NA,"Habiganj, Moulvibazaar"
"KARACHI, DUBAI",UAE,ABUDHABI,MADINAJAI,NA,NA,"HAIMCHAR CHANDPUR,UTTARA DHAKA"
"KARACHI, DUBAI",UAE,DON’T KNOW,DON’T KNOW,NA,NA,"HAIMCHAR, CHANDPUR"
"KARACHI, DUBAI",UAE,AJMAN,NAYA SANAIYA,NA,NA,KODOMTOLI
"KARACHI, DUBAI","DUBAI,",DON'T KNOW,DON'T KNOW,NA,NA,"KULAURA,BOROLEKHA,MOULVIBAZAR,SADARSYLHET,GOLAPGONJ,SYLHET"
"KARACHI,DUBAI",DUBAI,NA,OMOL KUING NOYASANAYA,NA,NA,"KUTUBPUR, CHUADANGA"
Kathmandu,Nepal,Kathmandu,NA,NA,NA,DHAKA
KATHMANDU,NEPAL,DON'T KNOW,DON'T KNOW,NA,NA,DHAKA
KATHMANDU,NEPAL,KATHMANDU,GOYESSOR,NA,NA,"DHAKA, GAZIPUR"
KATHMANDU,NEPAL,KATHMANDU,LALITPUR,NA,NA,"DHAKA, MADARIPUR"
KATHMANDU,NEPAL,KATHMANDU,KATHMANDU,NA,NA,"DHAKA, MADARIPUR"
Kathmandu,Nepal,NA,Eastern Region,NA,NA,"DHAKA, NAWABGONJ"
KATHMANDU,NEPAL,KATHMANDU,BASHUNDHARA,NA,NA,"DHAKA,TANGAIL"
KATHMANDU,NEPAL,KATHMANDU,DORBERMARK,NA,NA,"DHANMONDI, UTTARA, SHANTINAGAR, DHAKA"
KATHMANDU,NEPAL,KATHMANDU,KATHMANDU,NA,NA,"DHANMONDI,GULSHAN,DHAKA"
KATHMANDU,NEPAL,KATHMANDU,KATHMANDU,NA,NA,"DINAJPUR,DHAKA"
Kathmandu,Nepal,Kathmandu,Thamel,NA,NA,"FARIDPUR, DHAKA"
KATHMANDU,NEPAL,KATHMANDU,KATHMANDU,NA,NA,JAMALPUR SADAR
KATHMANDU,NEPAL,KATHMANDU,KATHMANDU,NA,NA,"KARAITALA,LAXMIPUR"
KATHMANDU,NEPAL,KATHMANDU,MAITIDEVI,NA,NA,"MALIBAG, DHAKA, FENI"
KATHMANDU,NEPAL,KATHMANDU,LALITPUR,NA,NA,"MALIBAGH,DHAKA,BURICHANG,COMILLA"
KATHMANDU,NEPAL,POKHARA,POKHARA,NA,NA,"MIRPUR,DHAKA"
"KATHMANDU, NEPAL",NEPAL,KATHMANDU,THAMEL,NA,NA,"JAMALPUR SADAR,MIRZAPUR,TANGAIL"
"KATHMANDU,DAMMAM",NEPAL,KATHMANDU,NA,NA,NA,FENI SADAR
KATHMUNDU,NEPAL,KATHMUNDU,THAMEL,NA,NA,"LAXMIPUR, DHAKA"
KATHMUNDU,NEPAL,KATHMUNDU,DON’T KNOW,NA,NA,"MIRPUR, DHAKA"
KATHMUNDU,NEPAL,KATHMUNDU,DON’T KNOW,NA,NA,"MOTIJHEEL,DHAKA,BEGUMGANJ,NOAKHALI,NARSINGDI"
"KATHMUNDU, NEPAL",NEPAL,KATHMUNDU,LAZIMPATH,NA,NA,"DHAKA,KISSOREGONJ"
"KATHMUNDU, NEPAL",NEPAL,KATHMUNDU,JAMMU,NA,NA,"FAKIRAPOOL, DHAKA"
"KATHMUNDU, NEPAL",NEPAL,KATHMUNDU,NA,NA,NA,KISHOREGANJ
"KATHMUNDU, NEPAL",NEPAL,KATHMUNDU,NA,NA,NA,KISHOREGANJ
"KATHMUNDU, NEPAL",NEPAL,KATHMUNDU,KOTISSHOR,NA,NA,"MADARIPUR,DHAKA,BARISAL"
"KATHMUNDU, NEPAL",NEPAL,DON’T KNOW,DON’T KNOW,NA,NA,"MADARIPUR,MATIJHEEL,DHAKA"
"KATHMUNDU, NEPAL",NEPAL,KATHMUNDU,NAGORKU POKHRA,NA,NA,"MADHABPUR, SYLHET, MALIBAG, DHAKA"
"KATMANDU, HONGKONG",HONGKONG,KOWLOON,LAICHIKAK,NA,NA,DHAKA
"KELE,PENANG",MALAYSIA,KEDDA,KULIM,NA,NA,LUXMIPUR
Kerala,India,Kerala,Kotem,NA,NA,"Cox's Bazaar, Dhaka"
"KL,DEPANSAR,TAIPEI,TAICHUNG,HK,HELSINKI,ST,PETERSBURG",INDONEISIA,SEMINYAK,NA,NA,NA,DHAKA
"KOKATA,CHENNI",INDIA,CHENNI,MEENAMPAKKOM ?,NA,NA,SYLHET
KOKATAN,INDIA,KOLKATA,HAWRAH,NA,NA,"NARSINGDI,KISHOREGANJ"
Kolkata,India,Kolata,NA,NA,NA,"BAROLEKHA, MOULAVIBAZAR"
Kolkata,India,Kolata,Saria,NA,NA,"BARORA,COMILLA"
KOLKATA,INDIA,KOLKATA,SOUTH KOLKATA,NA,NA,DHAKA
KOLKATA,INDIA,KOLKATA,TALIGONJ,NA,NA,Dhaka
KOLKATA,INDIA,KOLKATA,MIRJAGALIB STREET,NA,NA,"DHAKA, ASHUGANJ"
KOLKATA,INDIA,KOLKATA,KOLKATA,NA,NA,"DHAKA, COMILLA"
KOLKATA,INDIA,KOLKATA,KOLKATA,NA,NA,"DHAKA, GAIBANDHA"
KOLKATA,INDIA,KOLKATA,NEWMARKET,NA,NA,"DHAKA, HOTEL LAKE CASTLE"
KOLKATA,INDIA,KOLKATA,PARK STATE,NA,NA,"DHANMONDI, DHAKA"
KOLKATA,INDIA,KOLKATA,TEGURIA,NA,NA,Jamalpur
KOLKATA,INDIA,KOLKATA,NEW MARKET AREA,NA,NA,"KISHORGANJ, DHAKA"
KOLKATA,INDIA,KOLKATA,CITY CENTER,NA,NA,KISHURGONJ
KOLKATA,INDIA,KOLKATA,NEWMARKET,NA,NA,"KUCHUA,CHANDPUR"
Kolkata,India,Kolata,Market State,NA,NA,"NARAYANGANJ, HOBIGANJ, MADHOP PUR, NASIRNAGAR, DHAKA"
KOLKATA,INDIA,KOLKATA,BARASA,NA,NA,NARAYANGONJ
KOLKATA,INDIA,KOLKATA,DON'T KNOW,NA,NA,Narayonganj
KOLKATA,INDIA,KOLKATA,PARK STEET,NA,NA,"NASIRNAGR. B- BARIYA, ASKONA, DHAKA"
KOLKATA,INDIA,KOLKATA,PAKSARKAS,NA,NA,"NATORE,DHAKA"
KOLKATA,INDIA,KOLKATA,NA,NA,NA,"NATORE,NAOGAON,CHANDPUR,DHAKA"
KOLKATA,INDIA,AHAMEDABAD,GUZRAT,NA,NA,"NAVARON, JESSORE"
KOLKATA,INDIA,PARKCIRKAS,"M, J, LANE",NA,NA,NAWGA
KOLKATA,INDIA,KOLKATA,D.K ?,NA,NA,NILPHAMARI
KOLKATA,INDIA,KOLKATA,KOLKATA NEW MARKET,NA,NA,"Nilphamari, Thakurgaon, Rangpur, Dhaka"
KOLKATA,INDIA,KOLKATA,NEW ALIPUR,NA,NA,NOAKHALI
KOLKATA,INDIA,KOLKATA,SHYAMBAZAR,NA,NA,Noakhali
KOLKATA,INDIA,KOLKATA,LAKECIRKAS,NA,NA,Noakhali
KOLKATA,INDIA,KOLKATA,SALTLAKE,NA,NA,"SADAR, NARSHINGDI"
KOLKATA,INDIA,KOLKATA,GARIYAHAT,NA,NA,"SADAR, RAJBARI, PALLI BIDDUT, DHAKA"
KOLKATA,INDIA,SALTLAKE,SALTLAKE,NA,NA,"SADARGHAT,DHAKA"
KOLKATA,INDIA,KOLKATA,DON'T KNOW,NA,NA,"SAVAR, DHAKA"
KOLKATA,INDIA,KOLKATA,NEWMARKET,NA,NA,SAVER DHAKA
KOLKATA,INDIA,KOLKATA,MARKQUICK STREET,NA,NA,"SHAHAJALAMAJAR, SYLHET, DEBIDDER, COMILLA"
KOLKATA,INDIA,KOLKATA,MIRZAGALIB STREET,NA,NA,"SHAHAJATPUR,SIRAJGANJ"
KOLKATA,INDIA,KOLKATA,NEWMARKET,NA,NA,"SHAJADPUR,DHAKA,GAIBANDHA"
KOLKATA,INDIA,KOLKATA,NEW MARKET AREA,NA,NA,"SHAJADPUR,DHAKA,GAIBANDHA"
KOLKATA,INDIA,KOLKATA,BALIGONJ,NA,NA,"SHAJAHANPUR, DHAKA"
KOLKATA,INDIA,KOLKATA,RIPON STREET,NA,NA,SHAKHIPUR TANGAIL
KOLKATA,INDIA,KOLKATA,RIPON STREET,NA,NA,"SHAMNAGAR,NOAKHALI"
KOLKATA,INDIA,KOLKATA,DON'T KNOW,NA,NA,"SHARIATPUR, DHAKA"
KOLKATA,INDIA,KOLKATA,NEWMARKET,NA,NA,"SHARIATPUR,DHAKA"
KOLKATA,INDIA,KOLKATA,DON'T KNOW,NA,NA,"SHIBPUR, NARSHINGDI"
KOLKATA,INDIA,KOLKATA,DOWN TOWN,NA,NA,"SHYAMOLI,DHAKA"
KOLKATA,INDIA,KOLKATA,RAJARHAT,NA,NA,"SINGAIR, MANIKGANJ"
KOLKATA,INDIA,KOLKATA,RAJARHAT,NA,NA,"Soriyotpur, Nilphamari"
KOLKATA,INDIA,KOLKATA,NEWMARKET,NA,NA,SRIMANGAL MOULVIBAZAR
KOLKATA,INDIA,KOLKATA,DAKURIYA,NA,NA,"SYLHET, DHAKA"
KOLKATA,INDIA,KOLKATA,PARKCIRCUS,NA,NA,"SYLHET, DHAKA, BIYANIBAZAR"
KOLKATA,INDIA,KOLKATA,BOROBAZAR,NA,NA,"UTTARA, DHAKA"
KOLKATA,INDIA,KOLKATA,NA,NA,NA,"UTTARA, KHILGONE, DHAKA"
KOLKATA,INDIA,KOLKATA,DOMDOME,NA,NA,"UTTARA, MONIPURIPARA, TEJGAON, DHAKA"
"KOLKATA, BENGALOR",INDIA,BENGALOR,MONIPAL HOSPITAL,NA,NA,"RAIPUR LAKSMIPUR,FOKIRAPUL,MIRPUR DHAKA"
"KOLKATA, BENGALOR",INDIA,BANGALORE,MISSION ROAD,NA,NA,"SHADAR, MAULOVIBAZAR"
"KOLKATA, INDIA",INDIA,KOLKATA,NA,NA,NA,HOBIGONJ
"KOLKATA,CHENNAI",INDIA,CHANNAI,CHANNAI,NA,NA,SADAR DOSKHIN COMILLA
"KOLKATA,NSCBI",INDIA,KOLKATA,KESTOPER,NA,NA,"NATORE, PUBNA"
"KOWALALAMPUR,SYDNEY",AUSTRALIA,SYDNEY,THOENLEIGH,NA,NA,"DHAKA, GAIBANDHA"
"KOWET,BAIRUT",KOWET,BAIRUT,BAYA,NA,NA,"FOKIRAPUL DHAKA,CHITTAGONG"
KUALA LUMPUR,MALAYSIA,PAMANG,VATUSMAW,NA,NA,RAMPURA
KUALA LUMPUR,MALAYSIA,KUALA LUMPUR,PUCHONG,NA,NA,"RAMPURA,DHAKA"
KUALA LUMPUR,MALAYSIA,PULANPINANG,BAYANBARU,NA,NA,"RANGPUR,RAJSHAHI"
KUALA LUMPUR,MALAYSIA,PERAK,KLIANINTAN,NA,NA,SADAR B. BARIA
KUALA LUMPUR,MALAYSIA,PERAK,KLIANINT,NA,NA,"SADAR GAZIPUR, SADAR FENI"
KUALA LUMPUR,MALAYSIA,PERAK,KLIANINT,NA,NA,"SADAR, FENI"
KUALA LUMPUR,MALAYSIA,KUALA LUMPUR,BUKITBINTAN,NA,NA,"SYLHET , KOLAURA"
KUALA LUMPUR,MALAYSIA,KUALA LUMPUR,PORIKELANG,NA,NA,"SYLHET,SUNAMGONJ"
KUALA LUMPUR,MALAYSIA,MANTHEKAR,MANTHEKAR,NA,NA,"SYLHET,UTTARA DHAKA"
"KUALA LUMPUR, BRUNEI",BRUNEI,BHANDAR,PATCHER,NA,NA,"T.T.C, BOGRA, KAKRAIL, DHAKA"
Kualalampur,Malyasia,Shahlam,NA,NA,NA,B.Baria
Kualalampur,Malyasia,Kualalampur,NA,NA,NA,B.Baria
Kualalampur,Malaysia,Kaffar,NA,NA,NA,"B.Baria, Dahak"
KUALALAMPUR,MALAYSIA,49 ASLITIN,NA,NA,NA,"BAGORA,KISHOREGANJ,SHEORAPARA,DHAKA"
KUALALAMPUR,MALAYSIA,CITY ALAM,CITY ALAM,NA,NA,"BAMNA BOGONA,BADDA DHAKA"
KUALALAMPUR,MALAYSIA,KUALALAMPUR,RATUKEP SILANGA,NA,NA,"BANANI,DHAKA"
KUALALAMPUR,MALAYSIA,PUTROJAYA,SAYBAR,NA,NA,"BANANI,GULSHAN,DHAKA,KISSOREGONJ SADAR"
KUALALAMPUR,MALAYSIA,KUALALAMPUR,KELAN,NA,NA,Comilla
Kualalampur,Malaysia,Kualalampur,NA,NA,NA,COMILLA
Kualalampur,Malaysia,Kualalampur,NA,NA,NA,COMILLA
KUALALAMPUR,MALAYSIA,KUALALAMPUR,NA,NA,NA,DAUDKANDI COMILLA
KUALALAMPUR,MALAYSIA,KUALALAMPUR,AIRPORT CAMP,NA,NA,DHAKA
KUALALAMPUR,MALAYSIA,DON'T KNOW,DON'T KNOW,NA,NA,DHAKA
Kualalampur,Malyasia,Canera Highline,NA,NA,NA,"FARIDPUR SADAR,JHINAIDAH SADAR"
KUALALAMPUR,MALAYSIA,KUALALAMPUR,AMPANG,NA,NA,"HAZICAMP, DHAKA, BAMANPARA, COMILLA"
Kualalampur,Malyasia,Penang,Buket Jambu,NA,NA,"LAXMIPUR,DHAKA"
KUALALAMPUR,MALAYSIA,KUALALAMPUR,KALANGKAR BATULAPANG,NA,NA,"MOHAKHALI DHAKA,MANIKGONJ SADAR"
KUALALAMPUR,MALAYSIA,DAMANSARA,BANDAROTAMA,NA,NA,MOULVIBAZAR
KUALALAMPUR,MALAYSIA,KUALALAMPUR,KEPANG,NA,NA,NA
Kualalampur,Malyasia,Kualalampur,KL,NA,NA,NA
Kualalampur,Malyasia,Penang,Komta,NA,NA,NA
Kualalampur,Malyasia,Kualalampur,NA,NA,NA,NA
KUALALAMPUR,MALAYASIA,KUALALAMPUR,CHARAS,NA,NA,"RAMPURA, DHAKA"
KUALALAMPUR,MALAYASIA,KUALALAMPUR,BANTING,NA,NA,"RANGAMATI, CHITTAGONG, DHAKA"
KUALALAMPUR,MALAYSIA,KUALALAMPUR,PUTROJAYA,NA,NA,"UTTARA, DHAKA"
KUALALAMPUR,MALAYSIA,TAYFING,GAMUNTIN,NA,NA,"UTTARA, DHAKA"
KUALALAMPUR INTERNATIONAL AIRPORT,MALAYSIA,KUALALAMPUR,DON'T KNOW,NA,NA,Comilla
"Kualalampur, Manila",Philipins,Manila,Makalicity,NA,NA,"AGARGAON, DHAKA"
"KUALALAMPUR, PLANG",MALAYSIA,PLANG,BUGIRDAMBANG,NA,NA,"LALBAGH ,DHAKA"
"KUALALAMPUR, PLANG",MALAYSIA,JOHORBARO,JEBI,NA,NA,"LALMATIA,DHAKA"
"Kualalampur, Saygan, Danang",Vietnam,Danang,DON'T KNOW,NA,NA,"AGRABAD, CHITTAGONG, SADAR, LAXMIPUR"
"KUALALAMPUR, SINGAPORE",SINGAPORE,SINGAPORE CITY,NA,NA,NA,"DAUDKANDI, FAKIRAPUL, RAMPURA DHAKA"
KUALALUMPUR,MALAYSIA,KEL,AMPANG,NA,NA,COMILLA
KUALALUMPUR,MALAYSIA,PANAS,DON'T KNOW,NA,NA,Comilla
KUALALUMPUR,MALAYSIA,KUALALUMPUR,CHERAS,NA,NA,"COMILLA,DHAKA"
KUALALUMPUR,MALAYSIA,DON'T KNOW,DON'T KNOW,NA,NA,"COMILLA,GAZIPUR,TANGAIL"
KUALALUMPUR,MALAYSIA,POLAOPENANG,NA,NA,NA,DHAKA
KUALALUMPUR,MALAYSIA,KUALALUMPUR,NA,NA,NA,DHAKA
KUALALUMPUR,MALAYSIA,PANANG,NIMONTABOL,NA,NA,DHAKA
KUALALUMPUR,MALAYSIA,MOAJOHOR,CHUNGITARAB,NA,NA,Dhaka
KUALALUMPUR,MALAYSIA,KUALALUMPUR,DON'T KNOW,NA,NA,DHAKA
KUALALUMPUR,MALAYSIA,KUALALUMPUR,KUALALUMPUR,NA,NA,"DHAKA, MANIKGANJ"
KUALALUMPUR,MALAYSIA,MUKITBINTAN,JALANALO,NA,NA,"DHAKA,BHULA"
KUALALUMPUR,MALAYSIA,KUALALUMPUR,KLANK,NA,NA,"Gaibandha, Bogura"
KUALALUMPUR,MALAYSIA,KUALALUMPUR,SUNWAY,NA,NA,"GAZIPUR,KALIGONJ"
KUALALUMPUR,MALAYSIA,KUALALUMPUR,KELANG,NA,NA,"GAZIPUR,MYMENSING"
KUALALUMPUR,MALAYSIA,MELAKA,MAKOTA,NA,NA,"GAZIPUR,NAOZORE"
KUALALUMPUR,MALAYSIA,SILONGAR,PUCHONG,NA,NA,KANAIGHAT SYLHET
KUALALUMPUR,MALAYSIA,MALAKKA,PANTHAIKONDA,NA,NA,"KANAIGHAT, SYLHET"
KUALALUMPUR,MALAYSIA,KEMRALHILAND,DON'T KNOW,NA,NA,"KERANIGANJ, DHAKA"
KUALALUMPUR,MALAYSIA,BAKREE,MOAR,NA,NA,"Maona, Gazipur"
KUALALUMPUR,MALAYSIA,SERBANG,SERBANG,NA,NA,"MIRPUR,DHAKA"
KUALALUMPUR,MALAYSIA,KUALALUMPUR,NA,NA,NA,"MUNSHIGONJ,SIRAJDIKHAN"
KUALALUMPUR,MALAYSIA,KUALALUMPUR,BADDYA TAMPLE,NA,NA,"SYLHET, DHAKA"
KUALALUMPUR,MALAYSIA,KUALALUMPUR,BADDYA TAMPLE,NA,NA,"SYLHET, DHAKA"
"KUALALUMPUR, PENAG",CHUNGAPATAIN,PENAG,PENAG,NA,NA,MAGORA
"KUALALUMPUR, PENAG",MALAYSIA,SERDANG,SERDANG,NA,NA,MAGURA
"KUALALUMPUR,BRUNAI",BRUNAI,DON'T KNOW,DON'T KNOW,NA,NA,"Vawal, Kalia koir, Gazipur. Savar, Dhaka"
"KUALALUMPUR,BRUNAI",BRUNAI,DON'T KNOW,DON'T KNOW,NA,NA,"VEDORGONJ, SHARIATPUR"
"KUALALUMPUR,BRUNAI",BRUNAI,DON'T KNOW,DON'T KNOW,NA,NA,WARI DHAKA
"KUALALUMPUR,BRUNEI",BRUNEI,DON'T KNOW,DOWN TOWN,NA,NA,"SYLHET, DHAKA, SUNAMGANJ"
"KUALALUMPUR,BRUNEI",BRUNEI,DON'T KNOW,DOWN TOWN,NA,NA,"SYLHET, GAZIPUR, DHAKA"
"KUALALUMPUR,PENAG",MALAYSIA,SERDANG,SERDANG,NA,NA,MAGURA
"KULALAMPUR,PENUNG",MALAYSIA,PENUNG,SUNGAPATARI,NA,NA,NA
"KUMING, BEIJING",CHAINA,BEIJING,NA,NA,NA,KISHOREGANJ
"KUMING, GUANGU",CHAINA,GUANGU,NA,NA,NA,Faridpiur
"KUMING, GUANGU",CHAINA,GUANGU,SANIALI,NA,NA,KISHOREGANJ
"KUMING, GUANGU",CHAINA,GUANGU,SANIALI,NA,NA,"KISHOREGANJ, DHAKA"
KUNMING,CHINA,KUNMING,YANNAN,NA,NA,Dhaka
KUNMING,CHINA,KUNMING,DON’T KNOW,NA,NA,"GULSAN,UTTARA"
KUNMING,CHINA,BEIJING,CHAWYANG,NA,NA,KAWRANBAZAR DHAKA
"KUNMING, GUANGU",CHINA,GUANGU,GUANGU,NA,NA,"GOBINDOGONJ,SYLHET,DHAKA"
"KUNMING, HARBON",CHINE,HARBIN,HARBIN,NA,NA,"DHAKA, GULSHAN, TONGIBARI, MUNSHIGONJ"
"KUNMING, SENJENG",CHAINA,SENJENG,BAOWAN,NA,NA,"KHULNA,DHAKA"
"KUNMING, SENJENG",CHAINA,SENJENG,BAOWAN,NA,NA,Kishoeganj
"KUNMING, SHANGHAI",CHAINA,SHANGHAI,QING PU,NA,NA,"KHULNA,BOGRA"
"KUNMING,BEIJING",CHINA,BEIJING,HAIDIAN,NA,NA,"KALIHATI,TANGAIL"
"KUNMING,BEIJING",CHINA,BEIJING,HAIDIAN,NA,NA,"KALIHATI,TANGAIL"
"KUNMING,BEIJING",CHINA,BEIJING,DON’T KNOW,NA,NA,"KALLYANPUR, DHAKA. SUJANAGAR, PABNA."
"KUNMING,BEIJING",CHINA,BEIJING,NA,NA,NA,"KATWALI, SYLHET"
"KUNMING,VIENTIANG,DOHA,JFK",USA,PEARL RIVER,NEW YORK,NA,NA,JAMALPUR
KUWAIT,KUWAIT,FAHEEL,FAHEEL,NA,NA,DHAKA
KUWAIT,KUWAIT,SUKMOBAROKI,SUKMOBAROKI,NA,NA,Dhaka
KUWAIT,KUWAIT,KUWAIT CITY,ADALIA,NA,NA,DHAKA
KUWAIT,KUWAIT,KUWAIT CITY,FAHIL,NA,NA,"Dhaka, Comilla"
KUWAIT,KUWAIT,HWALLY,NA,NA,NA,"DHAKA,SHERPUR"
Kuwait,Lebanon,Boirut,Taiyuni,NA,NA,"Faridpur, Dhaka"
Kuwait,Lebanon,Boirut,Jesiril BASHA,NA,NA,"FARIDPUR, DHAKA"
Kuwait,Kuwait,Suyek,NA,NA,NA,"FARIDPUR,DHAKA"
Kuwait,Kuwait,Rigga,NA,NA,NA,FARMGATE DHAKA
Kuwait,Kuwait,Hasabia,NA,NA,NA,"FENCHUGONJ,LALA BAZAR,SYLHET"
Kuwait,Kuwait,Porania,NA,NA,NA,FENI
KUWAIT,KUWAIT,JAHARA,BAYA,NA,NA,"FOKIRAPUL,KOLABAGAN,MOHAMMADPUR DHAKA"
KUWAIT,KUWAIT,JILI,HASHAWAY,NA,NA,FORIDPUR
KUWAIT,KUWAIT,JAHARA,BAYA,NA,NA,"FOTIA,CHITTAGONG"
KUWAIT,KUWAIT,JAHARA,AIKHUN,NA,NA,"FOTULLAH,NARAYANGONJ,SUTRAPUR,DHAKA"
KUWAIT,KUWAIT,SUBANBASI,PORANIA,NA,NA,"FULBARIA,MYMENSING"
KUWAIT,KUWAIT,PAHIL,AHAMMADI,NA,NA,GAIBANDHA
KUWAIT,KUWAIT,ABBASIA,4 NO.ABBASIA,NA,NA,"GAURIPUR,DAUDKANDI,COMILLA"
KUWAIT,KUWAIT,SANAYA,FAYEL,NA,NA,"Gazaria,Munshigonj"
KUWAIT,KUWAIT,SUBHANASER,NA,NA,NA,"GAZIPUR, DHAKA, CHANDINA, COMILLA"
KUWAIT,SPAIN,MADRID,EMBAKHDOREZ,NA,NA,"GOLAPGONJ, SYLHET"
KUWAIT,KUWAIT,FRAHIL,1 NO SABAHIA,NA,NA,"GREEN ROAD, DHAKA"
KUWAIT,KUWAIT,HASABIA,1 NO SABAHIA,NA,NA,"GULISHTAN,DHAKA"
KUWAIT,KUWAIT,MODINA CITY,AL-RAI,NA,NA,"KAKRAIL, DHAKA, FULBARIYA, MYMENSINGH"
KUWAIT,KUWAIT,JILIP AL SUEK,JILIP,NA,NA,"KAKRAIL, DHAKA, ROYPUR, LAXMIPUR"
KUWAIT,KUWAIT,KUWAIT CITY,FAHIL,NA,NA,"KALIGONJ,JHINAIDAH"
KUWAIT,KUWAIT,KUWAIT CITY,SUEKH,NA,NA,"KALIHATI, TANGAIL"
KUWAIT,KUWAIT,KUWAIT CITY,KHAITAN,NA,NA,"KALIHATI, TANGAIL, UTTARA, DHAKA"
KUWAIT,KUWAIT,MANGAB,PAHIL,NA,NA,"KASHBA, B- BARIA, ASHKONA, DHAKA"
KUWAIT,KUWAIT,HASAUWI,JILIPSOYEK,NA,NA,"KISHOREGANJ, DHAKA"
KUWAIT,KUWAIT,HASAUWI,JILIPSOYEK,NA,NA,"KISHOREGANJ, NETROKONA"
KUWAIT,KUWAIT,AL-DAHAR,GREEN,NA,NA,"NIKUNJA,DHAKA"
KUWAIT,KUWAIT,JAHARA,KORIAMOTAGA,NA,NA,"NILFAMARY,BOGRA"
KUWAIT,KUWAIT,PORANIA,ASAWIYA,NA,NA,"NIlphamari, Rangpur,"
KUWAIT,KUWAIT,SHUEK,MONTAKARAJ,NA,NA,NOAKHALI
KUWAIT,KUWAIT,ABBASIA,SULOBIA,NA,NA,Noakhali
"KUWAIT, JFK",USA,NEWYORK,SUNNYSIDE,NA,NA,"GHIOR, MANIKGANJ"
"KUWAIT, RIYADH",KSA,RIYADH,NASRIA,NA,NA,"BIYANIBAZAR, SYLHET"
"KUWAIT, RIYADH",SAUDI ARABIA,RIYADH,NASIRA MORU,NA,NA,CHADPUR
"KUWAIT, RIYADH",SAUDI ARABIA,RIYADH,NASIRA MORU,NA,NA,CHADPUR
"KUWAIT, RIYADH",SAUDI ARABIA,ALKASIN,ALGURI,NA,NA,CHADPUR
"KUWAIT, ROM",ITALY,ROM,TORPHANATARA,NA,NA,SYLHET
"KUWAIT, ROM",ITALY,ROM,COLLIPORTUTNSE,NA,NA,SYLHET
"KUWAIT, ROM",ITALY,ANKONA,SENIGALIYA,NA,NA,SYLHET
"KUWAIT, ROM",ITALY,ROM,MALEYA,NA,NA,SYLHET
"KUWAIT, ROM",ITALY,ROM,TORPINATARA,NA,NA,SYLHET
"KUWAIT,DAMMAM",KSA,DAMMAM,KHOBER,NA,NA,"KAIEMKHOLA, JHIKOREGACHHA, JESSORE."
"KUWAIT,GFK",USA,NEW YORK CITY,LONG ISLAND CITY,NA,NA,"BOARDBAZAR, GAZIPUR"
"KUWAIT,JEDDAH",KSA,JEDDAH,KILOSITTAH,NA,NA,"KALIGONJ,TONGI GAZIPUR"
"KUWAIT,LEBANON",LEBANON,SYDA,NA,NA,NA,DHAKA
"KUWAIT,ROME",ITALEY,ROME,PEMOSENO,NA,NA,"SUDHARAMPUR,SHADARTHANA,LAXMIPUR,NOAKHALI"
"KUWAIT,ROME",ITALEY,PISA,LUCCA,NA,NA,"SUKHIPUR,TANGAIL"
"KUWAIT,ROME",ITALEY,PALERMORE,PALERMORE,NA,NA,SUNAMGANJ
"KUWAIT,ROME",ITALEY,ROME,MALIANA,NA,NA,"Sunamganj, Sylhet"
"KUWAIT,ROME",ITALEY,ROME,MALIANA,NA,NA,"SUTRAPUR, DHAKA"
KWET AIRPORT,KUWAIT,JAHARA,AYOON,NA,NA,"FOKIRAPUL DHAKA,JESSORE"
LONDON,UK,SARE,MODEN,NA,NA,"BANANI DHAKA,DELDUAR TANGAIL"
LONDON,UK,LONDON,LONDON,NA,NA,"GEC CHITTAGONG, NOAKHALI SADAR, UTTARA DHAKA"
LONDON,UK,WHITE CASTLE,NA,NA,NA,"RANAGAMATI, COX'S BAZAR"
LONDON,ENGLAND,LONDON,OMLY PARK,NA,NA,"ULLAPARA, SIRAJGONJ, UTTARA, DHAKA"
LONDON,ENGLAND,BIRMINGHAM,WEST MIDLANDS,NA,NA,UTTARA DHAKA
LONDON,UK,LONDON,BOU,NA,NA,UTTARA/DHAKA
LONDOON,ENGLAND,LONDON,HAKANI,NA,NA,"SHATHKIRA,JESSORE,ASKONA DHAKA"
MALAYSIA,MALAYSIA,KUALALAMPUR,NA,NA,NA,"ASKONA, DHAKA, BARURA, COMILLA"
MALAYSIA,MALAYSIA,KUALALAMPUR,KALANG LAMA,NA,NA,BADDA DHAKA
MALAYSIA,MALAYSIA,ZHAHURBARU,MUKIB BATU,NA,NA,"BAKAHORGONJ,BORISHAL,DHAKA"
Malaysia,Malaysia,Rawan,Disakolagari,NA,NA,"BASHUNDHORA R/A, DHAKA"
MALAYSIA,MALAYSIA,RAOWAN,DISAKOLA,NA,NA,"BEGUMGONJ,NOAKHALI,MIRPUR,DHAKA"
MALAYSIA,MALAYSIA,KUALALUMPUR,KEL CENTRE,NA,NA,"BEGUMGONJ,NOAKHALI,UTTARA,DHAKA"
MALAYSIA,MALAYSIA,SILANGOR,PUCHONG,NA,NA,"CANTONMENT, DHAKA."
MALAYSIA,MALAYSIA,KUALALUMPUR,CHONGAIBICHI,NA,NA,"COMILLA, DHAKA"
MALAYSIA,MALAYSIA,KUALALUMPUR,DON'T KNOW,NA,NA,DHAKA
MALAYSIA,MALAYSIA,KUALALUMPUR,DON'T KNOW,NA,NA,DHAKA DHANMANDI
MALAYSIA,MALAYSIA,PENAING,PENAING,NA,NA,"GAZIPUR, DHAKA"
MALAYSIA,MALAYSIA,KUALALAMPUR,NA,NA,NA,"GAZIPUR, DHAKA"
MALAYSIA,MALAYSIA,KUALALUMPUR,SOKET,NA,NA,"MOGBAZAR,DHAKA"
MALAYSIA,MALAYSIA,PENUNG,BAYANBAR,NA,NA,NA
MALAYSIA,MALAYSIA,KUALALAMPUR,KEP CENTRE,NA,NA,NA
MALAYSIA,MALAYSIA,KUALALAMPUR,JILAN,NA,NA,NA
MALAYSIA,MALAYSIA,KUALALAMPUR,KUALALAMPUR,NA,NA,NA
MALAYSIA,MALAYSIA,KUALALAMPUR,KUALALAMPUR,NA,NA,NA
MALAYSIA,MALAYSIA,PENAING,PENAING,NA,NA,NA
MALAYSIA,MALAYSIA,KUALALAMPUR,KUALALAMPUR,NA,NA,NA
MALAYSIA,MALAYSIA,DON’T KNOW,DON’T KNOW,NA,NA,"NAIRA,SHARIATPUR"
MALAYSIA,MALAYSIA,PAHANG,TRIANGSALATANGZIROWANG,NA,NA,NANDAIL MYMENSINSINGH
"MALAYSIA, BRUNAI",BRUNAI,MANDAR,NA,NA,NA,NA
MALDIP,MALDIP,MALEY,AIRPORT AREA,NA,NA,"PRESS CLUB, MIRPUR, RAMNA THANA, DHAKA"
MALDWIP,MALDWIP,MALEY,SHAMPHAMAGU,NA,NA,"MATABHANGA, COMILLA"
MALE,MALDIVES,MALE,MAFANU,NA,NA,MIRPUR DHAKA
MALE,MALDWIP\,DON'T KNOW,DON'T KNOW,NA,NA,"Norshingdi, Dhaka"
MALE,MALDWIP\,MALE,MAFSI,NA,NA,"OYAREY,DHAKA"
MALE,MALDWIP\,DON'T KNOW,DON'T KNOW,NA,NA,Pabna
MALE,MALDWIP\,ISLAND,DON'T KNOW,NA,NA,"PAKUNDA, MYMENSINGH"
Maley,MALDWIP,MALEY,COMANDO,NA,NA,"GOALANDA, RAJBARI, MANIKGONJ, SADAR, PALTAN, DHAKA"
MALEY,MALDIV,MALEY,DON'T KNOW,NA,NA,Kisurganj
MASCUT,OMAN,MASCUT,MADRA,NA,NA,"MYMENSHING,TANGAIL,MONSHIGANJ,SYLHET,RAJSHAHI,GAZIPUR"
MASCUT,OMAN,DON'T KNOW,DON'T KNOW,NA,NA,NA
Maskat,Oman,Maskat,NA,NA,NA,DHAKA
Maskat,Oman,Maskat,NA,NA,NA,"FARIDPUR,DHAKA"
Maskat,Oman,Maskat,Bokahri,NA,NA,GULSHAN DHAKA
Maskat,Oman,Maskat,NA,NA,NA,NA
Maskat,Oman,Ibri,Al Hazar,NA,NA,NA
Maskat,Oman,Maskat,Salala,NA,NA,NA
"Maskat, Dubai",UAE,Dubai,No3 Jafar Ali,NA,NA,DHAKA
"Maskat, Dubai",UAE,Dubai,No3 Jafar Ali,NA,NA,DHAKA
"Maskat, Dubai",UAE,Dubai,Sonapur,NA,NA,DHAKA
"MILAN,ITALY",ITALY,MILAN,MILAN,NA,NA,"CANTONEMENT, DHAKA"
"MOMBAI,DAMMAM",SAUDIARABIA,JUBAIL,JUBAIL,NA,NA,Gopalganj
"MOMBAI,DAMMAM",KSA,DAMMAM,JUBAIL,NA,NA,"KADAMTALI, DHAKA"
"MOMBAI,DOHA",QATAR,DOHA,OKRA,NA,NA,"KAJLA,DHAKA"
"MOMBAI,JEDDAH",KSA,JEDDAH,RABEKCITY,NA,NA,KAFRUL
Mumbai,India,Mumbai,Thane,NA,NA,GULSHAN DHAKA
MUMBAI,INDIA,MUMBAI,VASAI,NA,NA,"KHULNA, KHALISH PUR, BALIAKANDI, RAJBARI, SAVAR, DHAKA"
"Mumbai, Colombo",Srilanka,Colombo,Colombo,NA,NA,"GULSHAN 2,DHAKA"
"MUMBAI, DAMMAM",SAUDIA ARABIA,DAMMA,ALAKIF,NA,NA,"GAZIPUR, DHAKA"
"MUMBAI, MUSKAT",OMAN,MUSKAT,NA,NA,NA,"TANGAIL, DHAKA"
"Mumbai, Riyad",KSA,Riyad,Al Kharij,NA,NA,"JESSORE,DHAKA"
"MUMBAI, RIYADH",SAUDIA ARABIA,RIYADH,SULAI,NA,NA,"MOHAMMADPUR,DHAKA,TALSHAHOR,BRAHMANBARIA"
"MUMBAI,ABUDHABI",ABUDHABI,MUSAFFA,NA,NA,NA,"GULSHAN,DHAKA,SREEPUR,GAZIPUR"
"MUMBAI,ABUDHABI",UAE,AL-FAYAD,NA,NA,NA,"GULSHAN-2, DHAKA"
"MUMBAI,ABUDHABI",ABUDHABI,RAIS,NA,NA,NA,UTTARA/DHAKA
"MUMBAI,BAHRAIN",BAHRAIN,OMAL HASAN,NA,NA,NA,"KALABAGAN, DHAKA"
"MUMBAI,DAMMAM",KSA,DAMMAM,SUGANAM,NA,NA,"KALAROA,SATKHIRA,MIRPUR,DHAKA"
"MUMBAI,KSA",KSA,NASIRA,AL-MAZAR,NA,NA,"GULSHAN2,DHAKA"
"MUMBAI,MAKKA",KSA,MAKKA,AISAMAJID,NA,NA,"KALIGANJ,LALMONIRHAT,GOSHPARA,KORIGRAM"
"MUMBAI,RIYADH",KSA,RIYADH,MALAGS,NA,NA,"KAPTAN BAZAR, DHAKA"
MUSCAT,OMAN,MUSCAT,ALHEL,NA,NA,"COMILLA,DHAKA"
MUSCAT,OMAN,SAMAIL,KAHRSA,NA,NA,Dhaka
MUSCAT,OMAN,KENAT,EBRI,NA,NA,Dhaka
MUSCAT,OMAN,IBRI,AL-ARED,NA,NA,"GOFARGAON,NANDAIL,MYMENSINGH"
MUSCAT,OMAN,SALALA,TAQHA,NA,NA,MURADNAGAR COMILLA
MUSCAT,OMAN,DON'T KNOW,DON'T KNOW,NA,NA,"MURADNAGAR,COMILLA"
MUSCAT,OMAN,MUSCAT,SEEB,NA,NA,"NABIGONJ, HOBIGONJ"
MUSCAT,OMAN,MUSCAT,SALALA,NA,NA,"NAOGOAN,DINAJPUR"
"MUSCAT,DUBAI",UAE,JABER ALI PARK,JABER ALI PARK,NA,NA,DHAKA
MUSKAT,OMAN,SARARA,NA,NA,NA,DHAKA
MUSKAT,OMAN,MUSKAT,MUSKAT,NA,NA,DHAKA
MUSKAT,OMAN,MUSKAT,ALHAMZA,NA,NA,FARIDPUR
MUSKAT,OMAN,IBRI,WADIA ALAIN,NA,NA,FARIDPUR
MUSKAT,OMAN,MUSKAT,NA,NARAYANGANJ,SIDDIRGANJ,"HOHAR,DHAKA"
"MUSKUT, DUBAI",UAE,DUBAI,GOBIBA,NARAYANGANJ,RUPGANJ,"BHABANIPUR, RAJBARI, NAYAPALTAN, DHAKA"
NA,NA,NA,NA,NARAYANGANJ,NARAYANGANJ,"CHITTAGONG,DHAKA"
NA,NA,NA,NA,NARAYANGONJ,SIDDIRGONJ,COMILLA
NA,NA,NA,NA,NARAYANGONJ,FOTULLAH,Gazipur
NA,NA,NA,NA,NARAYANGONJ,SONARGAON,GAZIPUR
NA,NA,NA,NA,NARAYANGONJ,SADAR,GAZIPUR
NA,NA,NA,NA,NARAYANGONJ,SIDDIRGANJ,GAZIPUR ISLAMIC UNIVERSITY
NA,NA,NA,NA,NARAYANGONJ,TARAB,GAZIPUR KALIGANJ
NA,NA,NA,NA,NARAYANGONJ,ARAIHAZAR,"GAZIPUR SADAR,GULSHAN,KHILKHAT,DHAKA"
NA,NA,NA,NA,NARAYANGONJ,SONARGAON,"Gazipur, Comilla, Norshindi"
NA,NA,NA,NA,NARAYANGONJ,SONARGAON,"GAZIPUR, DHAKA"
NA,NA,NA,NA,NARAYANGONJ,SADAR,"GULSHAN, BANANI, UTTARA"
NA,NA,NA,NA,NARAYANGONJ,NA,"GULSHAN, BONGO MARKET, GULISTAN, DHAKA"
NA,NA,NA,NA,NARAYANGONJ,SADAR,"Gulshan, Dhaka"
NA,NA,NA,NA,NARAYANGONJ,BONDOR,"GULSHAN, DHAKA"
NA,NA,NA,NA,NARAYANGONJ,ARAIHAZAR,"GULSHAN, DHAKA"
NA,NA,NA,NA,NARAYANGONJ,SADAR,"GULSHAN, DHAKA"
NA,NA,NA,NA,"NARAYANGONJ,",SONARGAON,"GULSHAN, HAZI CAMP, DHAKA, NEWMARKET, CHITTAGONG"
NA,NA,NA,NA,Narayonganj,Sadar,"Gulshan, Norda, Dhaka"
NA,NA,NA,NA,NAROSHINDI,PALASH,"GULSHAN,BANANI,BARIDHARA,MIRPUR,DHAKA"
NA,NA,NA,NA,NAROSINDI,SHIBPUR,"GULSHAN,DHAK"
NA,NA,NA,NA,NARSHINGDI,SHIBPUR,"GULSHAN,DHAKA"
NA,NA,NA,NA,NARSHINGDI,SHADAR,"GULSHAN,DHAKA"
NA,NA,NA,NA,NARSHINGDI,NARSGINGDI,Habiganj
NEPAL,NEPAL,KKATHMANDU,DON'T KNOW,NARSHINGDI,MONOHORDI,DHAKA
NEPAL,NEPAL,KATHMONDO,EVEREST HOTEL,NARSHINGDI,SADAR,DHAKA
NEPAL,NEPAL,KATHMONDO,NA,NARSHINGDI,MONOHORDI,DHAKA
NEPAL,NEPAL,KATHMONDO,NA,NARSHINGDI,SADAR,"DHAKA, TANGAIL, MYMENSINGH, JAMALPUR"
"NEPAL, HONGKONG, MELBOURNE",AUSTRALIA,MELBOURNE,WIREEBE,NARSHINGDI,RAYPURA,DHAKA
"NEPAL,HONGKONG",CHAINA,HONGKONG,DON'T KNOW,NARSHINGDI,PALASH,"NOAKHALI, DHAKA"
"NEWDELHI, HAIDERABAD",INDIA,HAIDERABAD,HAIDERABAD,NARSINGDI,SHIBPUR,"KOTWALI, MYMENSINGH"
PARO,BHUTAN,PARO,THIMPU,NARSINGDI,RAIPORA,"SINGAIR,KERANIGONJ"
PARO,BHUTAN,THIMPHU,THIMPHU,NARSINGDI,RAIPURA,"STADIUM,DHAKA"
PARO,BHUTAN,THIMPU,NEARBY OLD INDIA HOUSE,NARSINGDI,NARAYANGANJ SADAR,Sylhet
PARO,BHUTAN,THIMPU,DOWN TOWN,NARSINGDI,MANUHARDI,SYLHET
PARO,BHUTAN,THIMPHU,DON'T KNOW,NARSINGDI,RAYPURA,"SYLHET, DHAKA"
PARO,BHUTAN,THIMPHU,MOTITHANG,NARSINGDI,SHIBPUR,"SYLHET, DHAKA"
PARO,BHUTAN,THIMPU,DOWN TOWN,NATOR,BARAIGRAM,"SYLHET,BRAHMANBARIA"
PARO,BHUTAN,THIMPHU,DON'T KNOW,NATOR,NATORE,Tangail
PARO,BHUTAN,THIMPHU,"THIMPHU, CITY CENTER",NAWGA,NAWGA,Tangail
PARO,BHUTAN,THIMPU,GELEPHU,NAWGAON,ATRAI,"WARI,DHAKA"
PATYA,THAILAND,PATAYA,DON'T KNOW,NETROKONA,NETROKONA,Rongpur
Povis bane,Australia,Toowoomba,Presto,NETROKONA,MADAN,B-BARIA
QATAR,QATAR,SANAIA,27 ROAD,NILFAMARY,KISSOREGONJ,"BANANI, DHAKA"
QATAR,QATAR,DON’T KNOW,DON’T KNOW,NILFAMARY,DOMAR,"BANANI, DHAKA, NARSHINGDI"
QATAR,QATAR,DON’T KNOW,DON’T KNOW,Nilphamari,Sadar,"BANANI,DHAKA"
QATAR,QATAR,DOHA,MONSURA,NOAGAON,SHADARTHANA,"B-BARIA,DHAKA"
QATAR,QATAR,DON’T KNOW,DON’T KNOW,NOAKHALI,SADAR,"BELKUCHI, SHIRAJGONJ"
QATAR,QATAR,BOROCHA,BOROCHA,NOAKHALI,COMPANIGONJ,"BHODRAGHAT,SIRAJGANJ"
QATAR,QATAR,DOHA,MATARKADIM,NOAKHALI,CHATKHIL,"BRAHMANBARIA,KISHOREGANJ"
"QATAR, ABUDHABI",UAE,ABUDHABI,RAHA VILLAGE,NOAKHALI,SADAR,COMILLA
"QATAR, DOHA",QATAR,DOHA,SANAYA,NOAKHALI,CHATKHIL,"DHAKA, BARISHAL"
"QATAR, JENEVA",SWITZERLAND,JENEVA,AMALI,NOAKHALI,SONAIMURI,"FENI,CHGOLNAYYA"
"Qatar, Madina",KSA,Madina,Jorokh,NOAKHALI,BEGUMGONJ,"JESSORE,NARAIL,JINAIDAHO"
"Qatar, Paris",Franch,Paris,Klishi,NOAKHALI,CHARJOBBOR,"Dhaka, Sylhet"
"QATAR, SAUDI",SAUDI ARABIA,DAMMAM,DAMMAM,NOAKHALI,NOAKHALI,BHAIRAB
"QATAR,ABUDHABI",UAE,Abudhabi,ICAT,NOAKHALI,BEGUMGONJ,Dhaka
"QATAR,ABUDHABI",ABUDHABI,ROIS,NA,NOAKHALI,BEGUMGONJ,"GULSHAN,DHAKA"
"QATAR,DAMMAM",SAUDIARAB,DAMMAM,HARAMKO,NOAKHALI,BEGUMGONJ,DHAKA
"QATAR,DAMMAM",KSA,AL KHOBAR,NA,NOAKHALI,SONAIMARI,DHAKA
"QATAR,DAMMAM",KSA,DAMMAM,ESKAN,NOAKHALI,BEGUMGONJ,"KALIYAKAIR, GAZIPUR"
"QATAR,DUBAI",DUBAI,MUSAFTA,NA,NOAKHALI,BEGUMGANJ,Feni
"QATAR,JEDDAH",KSA,AL-RAB,SARE MOKRON,NOAKHALI,BEGUMGONJ,DHAKA
"QATAR,KUWAIT",KUWAIT,BILLIPSUEK,BILLIPSUEK,NOAKHALI,NOAKHALI,"BELUA, JAMALPUR, SADAR, SHERPUR, BOAT BAZAR, DHAKA"
"QATAR,RIYAD",SAUDI ARABIA,RIYAD,MAJAR,NOAKHALI,NOAKHALI,"BANANI, DHAKA"
"QATAR,SAUDI ARABIA",SAUDI ARABIA,DAMMAM,DALLA,NOAKHALI,NOAKHALI,"BELABO, NORSHINDI"
"QATAR,SAUDIARAB","SAUDIARABIA,",READ,AKIK,NOAKHALI,SADAR,DHAKA
"QATQR,ABUDHABI",UAE,ABUDHABI,MOSAFFA,NOAKHALI,BEGUMGONJ,DHAKA
"Qutar,Dammam",Saudi Arabia,Damma,Siku,NORAIL,KALIA,"AHARANDA, BRAHMANBARIYA"
RANGON,MAYANMAR,SULE,SULE,NORSHINDI,NA,"GODAGARI,CHAPAINAWABGANJ"
RANGOON,MAYANMAR,YANGOON,TMWEY,NORSHINDI,NORSHINDI,Tangail
RANGOON,MAYANMAR,RANGOON,PANORAMA HOTEL,NORSHINDI,NORSHINDI,Tangail
RANGOON,MAYANMAR,YANGOON,TMWEY,NORSHINDI,MONOHORDI,"TANGAIL, DHAKA"
RANGOON,MAYANMAR,YANGOON,TMWEY,NORSHINDI,NORSHINDI,"ZINDA BAZAR,SYLHET,DHAKA,BAROLEKHA,MOULVIBAZAR"
Ras Al Khaimah,Dubai,Nakhail,Nakhail,NORSHINDI,PACHDONA,"BARIDHARA, DHAKA"
Ras al khaimaha,Dubai,Ras al khaimaha,Nakhil,NORSHINDI,BELABO,BAUFAL PATUAKHALI
RIAD,K.S.A,RIYAD,NADIM,NORSHINGDI,RAYPURA,"CHANDINA,COMILLA"
RIAD,INCOMPLETE,NA,NA,Nougaon,Niyamotpur,DHAKA
RIAD,"SAUDIARABIA,",READ,MANPUA,Pabna,Babuinagar,"DHAKA, COXBAZAR, RANGAMATI, KHAGRACHORI, BANDARBAN, BOGRA, MYMENSINGH, LALMONIRHAT"
"RIAD,ABA",SAUDIARABIA,MODINA,CANTONMENT,PABNA,PABNA,"GULISTAN,MIRPUR,DHAKA"
Riyad,KSA,Riyad,Atika,PABNA,ISWARDI,"COX'S BAZAR,BRAHMANBARIA,CHADPUR,TANGAIL,COMILLA"
Riyad,KSA,Riyad,Sanaiya,PABNA,BHANGURA,"COX'S BAZAR,MOTIJHEEL DHAKA"
Riyad,KSA,Riyad,Alkasim,PABNA,SATHYA,GULSHAN DHAKA
Riyad,KSA,Riyad,Pata,PABNA,SADAR,"LINK ROAD,BADDA,DHAKA"
Riyad,KSA,Riyad,Mujamiya,PABNA,PABNA SADAR,"MALIBAGH,DHAKA,NAGARPUR,TANGAIL"
"Riyad, Jijan",KSA,Jijan,NA,PANCHAGAR,ATOARI,"Dhaka, Munshiganj"
RIYADH,SAUDI ARABIA,RIYADH,FOYSALIYA,PATUAKHALI,KHEPOPARA,"BRAHMANBARIA,DHAKA"
RIYADH,SAUDI ARABIA,ALMAJMA,NA,PATUAKHALI,BAUFAL,"CENTRAL ROAD, DHAKA"
RIYADH,SAUDI,ALDOADMI,RAFAYAZAMS,PIROJPUR,NAJIPUR,"COMILLA,DHAKA,MIRPUR"
RIYADH,KSA,ALKASIM,NA,RAJBARI,PANGSHA,Feni
RIYADH,KSA,RIYADH,SANAYA,RAJBARI,PANGSHA,FENI
RIYADH,SAUDIARAB,RIYADH,MAFOHA,RAJBARI,BALIAKANDI,"FENI, DHAKA"
RIYADH,KSA,ALKHARIS,MAJRA,RAJBARI,BALIAKANDI,Gazipur
RIYADH,KSA,LAILA AFLASS,AL HADR,RAJBARI,BALIAKANDI,"KOCHUA,CHANDPUR,BANGLAMOTOR,FOKIRAPUL,DHAKA"
RIYADH,SAUDIA ARABIA,RIYADH,NAJIM,RAJBARI,RAJBARI,"KOSBA,BRAMMONBARIA,HAZI CAMP,DHAKA"
RIYADH,SAUDIA ARABIA,RIYADH,AZIZIYA,RAJBARI,PANGSHA,"KOTUALI THANA, DHAKA"
RIYADH,KSA,TABOK,NA,RAJSAHI,RAJPARA,LAKSHMIPUR SADAR
RIYADH,KSA,ZIZAN,ABUWARISH,RAJSHAHI,BOALIA,"Lakshmipur, Chittagong, Dhaka"
RIYADH,SAUDIA ARABIA,RIYADH,BATHA,RAJSHAHI,BAGHMARA,"LAXMIPUR, CHANDPUR, DHAKA, RAYPURA"
RIYADH,KSA,RIYADH,NA,RAJSHAHI,SHIBGANJ,"MADARIPUR, DHAKA"
RIYADH,SAUDIA ARABIA,RIYADH,AZIZIYA,RANGAMATI,RANGAMATI,MAGORA
RIYADH,KSA,AVA,HARAJU,Rangpur,Gongachora,"MANIKGANJ, DHAKA"
RIYADH,KSA,RIYADH,NA,RANGPUR,NA,"MANIKGANJ, DHAKA"
RIYADH,SAUDIA ARABIA,RIYADH,DON’T KNOW,Rongpur,Mitha pikur,"Meherpur, Dhaka"
RIYADH,SAUDIA ARABIA,RIYADH,KUBRIPACH,SARIATPUR,DAMUDDA,"MIRJAPUR, TANGAIL"
RIYADH,SAUDIA ARABIA,HAIL,GISHLA,SATKHIRA,ASASONI,"MIRPUR, DHAKA"
RIYADH,SAUDIA ARABIA,AL-REN,DON’T KNOW,SATKHIRA,KALAROA,"MIRPUR, DHAKA"
RIYADH,KSA,ARA,RAFA,SATKHIRA,KALAROA,"MUKHDA, DHAKA, ASHUGONJ, B-BARIYA"
RIYADH,KSA,BATHA,SALIA,SHARIAT PUR,NORIA,"NABIGONJ, HOBIGONJ"
RIYADH,KSA,NAJRAN,KULKHAN BUILDING,SHARIAT PUR,JAJIRA,SYHET
RIYADH,KSA,ULGASIM,UNAIJAH,SHARIATPUR,NAIRA,SYLHET
RIYADH,SAUDIARAB,AL-GAONYA,AL-GAONYA,SHARIATPUR,DAMUDDA,"SYLHET,MOHAKHALI DHAKA"
RIYADH,SAUDIARAB,RIAADH,MORSALAD,SHARIOTPUR,JAJIRA,"SYLHET,MOULAVIBAZAR"
RIYADH,KSA,RIYADH,AL-JULFI,SHARIYOTPUR,ZAZIRA,"UZIRPUR, BARISAL, COLLEGE PARA , MAGURA, MIRPUR, DHAKA"
RIYADH,KSA,NAJRAN,RIJDA,SHATKHIRA,KOLAROA,"VATARA,DHAKA"
"RIYADH, ABHA",SAUDIARAB,ABHA,TANUYA,SHATKHIRA,SHATKHIRA,"FENI, DHAKA"
"RIYADH, ALJOB",SAUDI ARABIA,ALJOB,SAKAKA,Sherpur,Sherpur,"Madaripur, Narayonganj, Comilla"
"RIYADH, HAIL",SAUDIA ARABIA,HAIL,GAJALA,SHERPUR,SHREEBORDI,"LAXMIBAZAR,DHAKA"
"RIYADH, JAZAN",SAUDIARAB,JAZAN,LAHAD,SHERPUR,SADAR,MAKINGONJ
"RIYADH, MADINA",SAUDIARAB,MADINA,SANAIYA,SHERPUR,NALITABARI,"SYLHET,BRAHMANBARIA"
"RIYADH, MAZRAM",SAUDI ARABIA,MAZRAM,SANAIYA,"SHERPUR,",JINAGATI,MIRPUR DHAKA
"RIYADH, MODINA",KSA,MODINA,HYALAJARI,SHIRAJGANJ,CHOWHALI,"SYLHET, DHAKA"
"RIYADH, TABUK",SAUDIARAB,TABUK,DAKHELMAHDUD,SHIRAJGANJ,ULLAPARA,"SYLHET,DHAKA"
"RIYADH, WADIALSAWASERYWAL",SAUDIARAB,WADIALSAWASER,KHAMASI,SHUNAMGONJ,JAMALGONJ,KUSTIA
"RIYADH,MADINA",KSA,MADINA,SANIYA-BIN-LADEN,SHUNANGONJ,SHUNAMGONJ,VATARA DHAKA
"RIYADH,TABOKI",KSA,TABOK,SALKAIYA,SIRAJGANJ,SHIRAJGANJ,"GULSHAN-2, DHAKA"
RIYADH/ RUH,SAUDIARAB,RIYADH,SANAYA,SIRAJGONJ,BELKUCHI,"MAGURA, DHAKA"
"RIYDH,MODINA",KSA,MODINA,MODINA ROWJASHARIF,SIRAJGONJ,ULLAPARA,SYLHET SADAR
"RIYDH,NAJRAN",KSA,MARPHAT,MARPHAT,SIRAJGONJ,BELKUCHI,SYLHET
SARJAH,UAE,DUBAI,ALKUCH,SIRAJGONJ,BELKUCHI,Dhaka
SARJAH,UAE,ABUDHABI,MUSAPPA,SUNAMGANJ,CHATAK,Dhaka
SARJAH,"DUBAI,",SARJAH,EMARAT CITY,SUNAMGANJ,DHORMOPASHA,DHAKA
SARJAH,"DUBAI,",ALAYN,ALAYN,SUNAMGANJ,SUNAMGANJ,DHAKA
Sarjah,UAE,Sarjah,Area No-3,SUNAMGANJ,CHATAK,"MIRPUR, DHAKA"
"SARJAH, BAHRAIN",BAHRAIN,MANAMA,MANAMA,SUNAMGONJ,GOBINDOGONJ,"HAZICAMP,SHERPUR,\DHAKA"
"SARJAH, MUSCAT",OMAN,MUSCAT,DON'T KNOW,SUNAMGONJ,SUNAMGONJ THANA,"GAZIPUR,DHAKA"
"SARJAH,MASCUT",OMAN,SOHAR,MOJIS,SUNAMGONJ,JOGONNATHPUR,DHAKA
SAUDIARAB,SAUDIARAB,AL- HASA,HAFUF,SUNAMGONJ,SADAR,"NORSHINDI, DHAKA"
SAUDIARAB,SAUDIARAB,JUBAIL,JUBAIL,SYLHET,SOUTH SORMA,Norshingdi
SHARJAH,UAE,AL-AAIN,GIMI,Sylhet,Sadar,"BADDA DHAKA,GHATAIL TANGAIL"
SHARJAH,DUBAI,FOZIA,ALAPENTU FARM,SYLHET,JOKIGANJ,BAGURA
SHARJAH,UAE,SHARJAH,SHARJAH,SYLHET,KATUALI,Dhaka
SHARJAH,UAE,ABUDHABI,RIM,SYLHET,GOLAPGANJ,DHAKA
SHARJAH,UAE,SHARJAH,SOLOMANI CHALK,SYLHET,JOKIGONJ,DHAKA
SHARJAH,UAE,RASELKHAIMA STATE,NA,SYLHET,KANAIGHAT,GAIBANDHA
SHARJAH,DUBAI,SHARJAH,NATIONAL PRINT,SYLHET,JAINTA,"MIRZAPUR,TANGAIL,SHAHJADPUR,DHAKA"
SHARJAH,UAE,AJMAN,AL-SOWAN,SYLHET,BISWANATH,"Narayonganj, Dhaka"
"SHARJAH, BEIRUT",LEBANON,AMCIT,AMCIT,SYLHET,SADAR,"MIRPUR, DHAKA, CHATI POTTI, COMILLA"
"SHARJAH,AMMAN",JODAN,AMMAN,RAKADAN,SYLHET,JAGANNATHPUR,"DHANMONDI, DHAKA"
"SHARJAH,AMMAN",JORDAN,AMMMAN,NA,SYLHET,JOGONNATHPUR,"NABINAGAR, B-BARIYA, RAYPURA, NARSHINGDI"
"SHARJAH,BAHRAIN",BAHRAIN,ASKAR,NA,SYLHET,BEANIBAZAR,"DHAKA,CHANDPUR"
"SHARJAH,BAHRAIN",BAHRAIN,MANAMA,DON'T KNOW,SYLHET,BEANIBAZAR,Kishorganj
"SHARJAH,DUBAI",UAE,DERA,ALMASALAH,SYLHET,BEANIBAZAR,CHUADANGA
"SHARJAH,JORDAN",JODAN,DON'T KNOW,DON'T KNOW,SYLHET,SYLHET SADAR,DHAKA
"SHARJAH,JORDAN",JODAN,DON'T KNOW,DON'T KNOW,SYLHET,BIYANIBAZAR,DHAKA
"SHARJAH,LEBANON",LEBANON,DON’T KNOW,DON’T KNOW,SYLHET,BALAGONJ,Dhaka
"SHARJAH,MUSCAT",Oman,MUSCAT,DON'T KNOW,SYLHET,BISHANATH,DHAKA
"SHARJAH,MUSCOT",OMAN,MUSCOT,NA,SYLHET,SADAR,"BEGUMGONJ, NOAKHALI, KUTUBPUR, LAXMIPUR, KALABAGAN, DHAKA"
"SHARJAH,MUSCOT",OMAN,MUSCOT,SALALA,SYLHET,DOSKHIN SURMA,"MIRPUR,DHAKA,BRAMMONBARIA,NAROSINDI,KISSOREGONJ"
"SHARJAH,OMAN",OMAN,SALASA,SALALY,SYLHET,BEANIBAZAR,GAIBANDHA
"SHARJAH,SALALAH",OMAN,SALALAH,SALALAH,SYLHET,KATWALI,"COXBAZAR, CHANDPUR, DHAKA"
"SHARJAH,SALALAH","DUBAI,",SHARJAH,TABLICK MOSQUE,SYLHET,KATWALI,"MIRPUR, DHAKA"
"SHREELANKA, MALDWIP",MALDWIP,DON'T KNOW,DON'T KNOW,SYLHET,BISSHONATH,DHAKA
"SHREELANKA, MALDWIP",MALDWIP,DON'T KNOW,DON'T KNOW,SYLHET,SOUTH SURMA,DHAKA
"SHREELANKA, MALDWIP",MALDWIP,MALEY,POLICE QUARTER,SYLHET,SYLHET SADAR,DHAKA
SINGAPORE,SINGAPORE,SAMBAYAN,SAMBAYAN,SYLHET,SADAR,"BADDA DHAKA,GHATAIL TANGAIL"
Singapore,Singapore,Tempanice,Tempanice,SYLHET,BEANIBAZAR,"BANCHHARAMPUR, NARSHINGDI. BHADIGHAR, BRAHMANBARIYA."
Singapore,Singapore,Tuaz,Avenue 4,SYLHET,SADAR,"BARALEKHA, MOULVIBAZAR, BEANIBAZAR, HOBIGONJ"
Singapore,Singapore,Yeous,DON'T KNOW,SYLHET,GULAPGONJ,"BARGUNA,DHAKA"
SINGAPORE,SINGAPORE,RIVER VELLY,RIVER VELLY,SYLHET,SOUTH SURMA,"BHRAMMAN BARIYA, NARAYANGANJ, DHAKA"
SINGAPORE,SINGAPORE,KHATIB,KHATIB,SYLHET,BIYANIBAZAR,Chittagang
SINGAPORE,SINGAPORE,DON'T KNOW,DON'T KNOW,SYLHET,JOKIGONJ,Comilla
SINGAPORE,SINGAPORE,HOWCAN,HOWCAN,SYLHET,GOLAPGONJ,Comilla
Singapore,Singapore,Singaporecity,NA,SYLHET,BALAGANJ,Comilla
SINGAPORE,SINGAPUR,KAKIBOKI,KAKIBOKI,SYLHET,KANAIGHAT,"COMILLA, DHAKA"
SINGAPORE,SINGAPUR,DON'T KNOW,DON’T KNOW,SYLHET,KANAIGHAT,"Comilla, Dhaka"
SINGAPORE,SINGAPORE,ARCHAD,ARCHAD,SYLHET,SADAR,"COMPANIGONJ,NOAKHALI"
SINGAPORE,SINGAPORE,SINGAPORE,SERANGON,SYLHET,SYLHET SADAR,"COURT AREA, LAXMIPUR"
Singapore,Singapore,SINGAPORE CITY,WESTERN ANCHORSE,SYLHET,BISHAWNAT,DHAKA
SINGAPORE,SINGAPORE,SINGAPORE CITY,SERANGON,SYLHET,BEANI BAZAR,DHAKA
SINGAPORE,SINGAPUR,SINGAPORE CITY,NEWTON,SYLHET,SADAR,DHAKA
SINGAPORE,SINGAPORE,MUKKITBATU,NA,Sylhet,Balaganj,DHAKA
Singapore,Singapore,Pinjur,NA,SYLHET,KANAIGHAT,JHINAIDAH
SINGAPORE,SINGAPORE,SINGAPORE CITY,WOODLANDS,"SYLHET,",SOUTH SURMA,"LANGOLCOAT, COMILLAH"
SINGAPORE,SINGAPORE,DON’T KNOW,DON’T KNOW,TANGAIL,MODHUPUR,"LUXUM,COMILLA"
SINGAPORE,SINGAPORE,NA,PONGAL,Tangail,Sadar,MADARIPUR
SINGAPORE,SINGAPORE,BOONLAY,SOONLEE,TANGAIL,TANGAIL,"Magura, Dhaka"
SINGAPORE,SINGAPORE,SINGAPORE CITY,BULLY,TANGAIL,KALIHATI,"NOAKHALI, DHAKA"
Singapore,Singapore,Srangoon,NA,TANGAIL,SADAR,"Noakhali, Dhaka"
SINGAPORE,SINGAPORE,BUNLE,BUNLE,TANGAIL,MIRZAPUR,"NOAKHALI,DHAKA"
SINGAPORE,SINGAPORE,SINGAPORE CITY,LAVENDER,TANGAIL,GHATAIL,NOBIGONJ.BISWANATH
SINGAPORE,SINGAPORE,SINGAPORE CITY,VIRA SAMI ROAD,TANGAIL,TANGAIL,"NORSHINDI, MONOHORDI, MIRZAPUR, TANGAIL"
SINGAPORE,SINGAPORE,SINGAPORE CITY,TAICING,TANGAIL,TANGAIL,"SADAR, GAZIPUR"
SINGAPORE,SINGAPORE,PANDANGARDEN,PANDANGARDEN,TANGAIL,MIRZAPUR,"SADAR, KHULNA, BEANIBAZAR, SYLHET"
SINGAPORE,SINGAPORE,SINGAPORECITY,TAICING,TANGAIL,KALIHATHI,"SADAR, MANIKGONJ, AIRPORT, DHAKA"
"SINGAPORE, BRUNAI",BRUNAI,NA,NA,TANGAIL,BHOAPUR,"BADDA, DHAKA"
"SINGAPORE, BRUNAI",BRUNAI,DON’T KNOW,DON’T KNOW,TANGAIL,MIRZAPUR,"Banani,Dhaka,Shadar,Mymensingh,Halu"
"Singapore, Changi",Singapore,Dipuland,NA,TANGAIL,MIRJAPUR,"Borguna, Chittagang"
"Singapore, Changi",Singapore,Togan,NA,TANGAIL,MADHUPUR,"BOROLEKHA, MULVIBAZAR"
"Singapore, Changi",Singapore,NA,NA,TANGAIL,DELDUAR,COMILLA
"Singapore, Sydny",Australia,Sydny,Adelide,TANGAIL,KALIHATI,"BASAIL, TANGAIL"
"SINGAPORE,BRONAI",BRONAI,DON'T KNOW,DON’T KNOW,TANGAIL,GHATAIL,"COMILLA, DHAKA"
"SINGAPORE,MELBOURNE",AUSTRALIA,STONY CREAK,VICTORIA,TANGAIL,SAKHIPUR,"BELABO, NARSHINGDI."
SINGAPUR,SINGAPUR,SERANGON,SERANGON,TANGAIL,NAGARPUR,"CHUADDAGRAM,COMILLA,MOTIJHEEL,DHAKA"
SINGAPUR,SINGAPUR,BUGIBATOK,BOGIBATOK,TANGAIL,SAKHIPUR,"CHUNARUGHAT,HOBIGANJ"
Singapur,singapur,Singapur City,Buxitbatok,TANGAIL,MIRZAPUR,Comilla
SINGAPUR,SINGAPUR,SINGAPURSINGAPURCITY,SINGAPUR CITY,TANGAIL,TANGAIL,COMILLA
SINGAPUR,SINGAPUR,MERINA BAYE,ORCHARD,TANGAIL,SHAKHIPUR,PABNA
SINGAPUR,SINGAPUR,SINGAPUR CITY,TAICING,TANGAIL,SOKHIPUR,"SADAR, BHANDARIYA"
"Sipang, Malaysia",Malaysia,Kelang,Banting,TANGAIL,SOKHIPUR,COMILLA
"SREELANKA,MALDIP",MALDIVES,MALEY,POLICE QUARTER,TANGAIL,BASHAIL,DHAKA
"SRILANKA,MALDIVE",MALDIVE,DON'T KNOW,DON'T KNOW,TANGAIL,BASAIL,DHAKA
SUBARNABHUMI BIMAN BANDAR,THAILAND,BANGKOK,SUKUMBIT,TANGAIL,GHATAIL,"POLTON,DHAKA,MUNCHIGONJ SADAR"
"SUBARNABHUMI,THAILAND",THAILAND,BANGKOK,NA,TANGAIL,GHATAIL,"MOKTARPUR,MONSHIGANJ"
SUBARNOBHUMI AIRPORT,THAILAND,BANGKOK,PROTUNA,TANGAIL,SUKHIPUR,KISSOREGONJ
SUBASH DATTO BUSHO AIRPORT,INDIA,KOLKATA,DON'T KNOW,TANGAIL,KALIHATHI,NARAYANGONJ
SUBAVO VOUMIC BANGKOK,THAILAND,BANGKOK,MOBAM TRIT,TANGAIL,DELDUAR,"Lakshmipur, Dhaka"
SUBORNOBHUMI,THAILAND,BANKOK,DON'T KNOW,TANGAIL,SHOKHIPUR,"SHAHARASTI, CHANDPUR"
"SUBORNOBHUMI,FUKET",THAILAND,BANKOK,DON'T KNOW,TANGAIL,MIRZAPUR,"PANGSHA,RAJBARI,BANANI,DHAKA"
"SUBORNOBHUMI,FUKET",THAILAND,BANKOK,BAMRUNGRAD,TANGAIL,KALIHATI,PATUAKHALI
THAILAND,TAHILAND,BANKOK,DON'T KNOW,TANGAIL,DELDOWAR,Gopalganj
THAILAND,THAILAND,BANGKOK,NA,TANGAIL,MIRZAPUR,"KUTUMPUR, COMILLA"
THAILAND,THAILAND,BANGKOK,NA,TANGAIL,KALIHATI,LAKSAM COMILLA
THAILAND,THAILAND,BANKOK,SUKUMBIT,TANGAIL,TANGAIL SHADAR,"PANCHAGAR SADAR, THAKURGONE SADAR, ASHULIA"
"TIA,KTM, Nepal",Nepal,Kathmandu,Pulchouk,TANGAIL,MIRJAPUR,"DHAKA, NORSHINDI"
"TOKEYO, CASHABLANCA",GAMBIA,BANGUL,WESTAFMCA,TANGAIL,MIRZAPUR,"Bagerhat, Sathkhira, Dhaka"
TRIBHUBAN,NEPAL,KATHMANDU,GOLFULAR,TANGAIL,DELDUAR,"FENI, NOAKHALI"
"TRIBHUVAN,NEPAL",NEPAL,KATHMANDU,NA,Tangail,Mirzapur,"Moghbazaar, Dhaka"
"TURKY, ITALY",ITALY,PADOVA,PADAVO,"TANGAIL,",SHAKHIPUR,"BANCHARAMPUR,B.BARIA"
"VADODARA,MOMBAY",INDIA,VADODARA,GUJARAT,"TANGAIL,",MIRJAPUR,GUPALGANJ
YANGON,MAYANMAR,YANGOON,DON'T KNOW,"TANGAIL,",BHUAPUR,SAVAR
YANGOON,BURMA,YANGOON,DON’T KNOW,"TANGAIL,",BARISAL,"SHIBGANJ,SYLHET,GREEN ROAD,DHAKA"
YANGOON,MAYANMAR,YANGOON,SUNFLOWER,THAKURGONE,SADAR,"SONARGAON,NARAYANGONJ"
"YANGOON,SITTU",BURMA,YANGOON,SITTU,THAKURGONE,HARIPUR,"SHER-E-BANGLANAGAR, DHAKA"
